snapshot_date,category,seniority,tier,listings_with_ai,total_listings,pct,required_count
3/12/2026,ai,all,any_ai,253,266,95.1,253
3/12/2026,ai,all,genai,210,266,78.9,207
3/12/2026,ai,all,ml,186,266,69.9,186
3/12/2026,ai,entry,any_ai,1,1,100,1
3/12/2026,ai,entry,genai,1,1,100,1
3/12/2026,ai,entry,ml,1,1,100,1
3/12/2026,ai,mid,any_ai,138,147,93.9,138
3/12/2026,ai,mid,genai,120,147,81.6,119
3/12/2026,ai,mid,ml,100,147,68,100
3/12/2026,ai,senior,any_ai,114,118,96.6,114
3/12/2026,ai,senior,genai,89,118,75.4,87
3/12/2026,ai,senior,ml,85,118,72,85
3/12/2026,data,all,any_ai,90,149,60.4,89
3/12/2026,data,all,genai,28,149,18.8,28
3/12/2026,data,all,ml,80,149,53.7,79
3/12/2026,data,mid,any_ai,24,57,42.1,24
3/12/2026,data,mid,genai,7,57,12.3,7
3/12/2026,data,mid,ml,23,57,40.4,23
3/12/2026,data,senior,any_ai,66,92,71.7,65
3/12/2026,data,senior,genai,21,92,22.8,21
3/12/2026,data,senior,ml,57,92,62,56
3/12/2026,devops,all,any_ai,10,83,12,10
3/12/2026,devops,all,genai,9,83,10.8,9
3/12/2026,devops,all,ml,6,83,7.2,6
3/12/2026,devops,mid,any_ai,7,30,23.3,7
3/12/2026,devops,mid,genai,7,30,23.3,7
3/12/2026,devops,mid,ml,3,30,10,3
3/12/2026,devops,senior,any_ai,3,53,5.7,3
3/12/2026,devops,senior,genai,2,53,3.8,2
3/12/2026,devops,senior,ml,3,53,5.7,3
3/12/2026,engineering,all,any_ai,299,813,36.8,297
3/12/2026,engineering,all,genai,169,813,20.8,168
3/12/2026,engineering,all,ml,217,813,26.7,213
3/12/2026,engineering,entry,any_ai,3,6,50,3
3/12/2026,engineering,entry,genai,1,6,16.7,1
3/12/2026,engineering,entry,ml,3,6,50,3
3/12/2026,engineering,mid,any_ai,59,263,22.4,58
3/12/2026,engineering,mid,genai,38,263,14.4,38
3/12/2026,engineering,mid,ml,36,263,13.7,32
3/12/2026,engineering,senior,any_ai,237,544,43.6,236
3/12/2026,engineering,senior,genai,130,544,23.9,129
3/12/2026,engineering,senior,ml,178,544,32.7,178
3/12/2026,product,all,any_ai,83,223,37.2,83
3/12/2026,product,all,genai,64,223,28.7,64
3/12/2026,product,all,ml,40,223,17.9,40
3/12/2026,product,entry,any_ai,1,2,50,1
3/12/2026,product,entry,genai,0,2,0,0
3/12/2026,product,entry,ml,1,2,50,1
3/12/2026,product,mid,any_ai,22,71,31,22
3/12/2026,product,mid,genai,21,71,29.6,21
3/12/2026,product,mid,ml,4,71,5.6,4
3/12/2026,product,senior,any_ai,60,150,40,60
3/12/2026,product,senior,genai,43,150,28.7,43
3/12/2026,product,senior,ml,35,150,23.3,35
3/12/2026,security,all,any_ai,6,25,24,6
3/12/2026,security,all,genai,3,25,12,3
3/12/2026,security,all,ml,5,25,20,5
3/12/2026,security,mid,any_ai,0,8,0,0
3/12/2026,security,mid,genai,0,8,0,0
3/12/2026,security,mid,ml,0,8,0,0
3/12/2026,security,senior,any_ai,6,17,35.3,6
3/12/2026,security,senior,genai,3,17,17.6,3
3/12/2026,security,senior,ml,5,17,29.4,5
3/19/2026,ai,all,any_ai,264,277,95.3,264
3/19/2026,ai,all,genai,221,277,79.8,218
3/19/2026,ai,all,ml,192,277,69.3,192
3/19/2026,ai,entry,any_ai,1,1,100,1
3/19/2026,ai,entry,genai,1,1,100,1
3/19/2026,ai,entry,ml,1,1,100,1
3/19/2026,ai,mid,any_ai,140,149,94,140
3/19/2026,ai,mid,genai,122,149,81.9,121
3/19/2026,ai,mid,ml,100,149,67.1,100
3/19/2026,ai,senior,any_ai,123,127,96.9,123
3/19/2026,ai,senior,genai,98,127,77.2,96
3/19/2026,ai,senior,ml,91,127,71.7,91
3/19/2026,data,all,any_ai,99,162,61.1,98
3/19/2026,data,all,genai,34,162,21,34
3/19/2026,data,all,ml,85,162,52.5,84
3/19/2026,data,mid,any_ai,26,63,41.3,26
3/19/2026,data,mid,genai,9,63,14.3,9
3/19/2026,data,mid,ml,23,63,36.5,23
3/19/2026,data,senior,any_ai,73,99,73.7,72
3/19/2026,data,senior,genai,25,99,25.3,25
3/19/2026,data,senior,ml,62,99,62.6,61
3/19/2026,devops,all,any_ai,11,90,12.2,11
3/19/2026,devops,all,genai,9,90,10,9
3/19/2026,devops,all,ml,7,90,7.8,7
3/19/2026,devops,entry,any_ai,0,3,0,0
3/19/2026,devops,entry,genai,0,3,0,0
3/19/2026,devops,entry,ml,0,3,0,0
3/19/2026,devops,mid,any_ai,8,31,25.8,8
3/19/2026,devops,mid,genai,7,31,22.6,7
3/19/2026,devops,mid,ml,4,31,12.9,4
3/19/2026,devops,senior,any_ai,3,56,5.4,3
3/19/2026,devops,senior,genai,2,56,3.6,2
3/19/2026,devops,senior,ml,3,56,5.4,3
3/19/2026,engineering,all,any_ai,317,868,36.5,315
3/19/2026,engineering,all,genai,185,868,21.3,184
3/19/2026,engineering,all,ml,225,868,25.9,221
3/19/2026,engineering,entry,any_ai,5,8,62.5,5
3/19/2026,engineering,entry,genai,3,8,37.5,3
3/19/2026,engineering,entry,ml,3,8,37.5,3
3/19/2026,engineering,mid,any_ai,62,275,22.5,61
3/19/2026,engineering,mid,genai,41,275,14.9,41
3/19/2026,engineering,mid,ml,38,275,13.8,34
3/19/2026,engineering,senior,any_ai,250,585,42.7,249
3/19/2026,engineering,senior,genai,141,585,24.1,140
3/19/2026,engineering,senior,ml,184,585,31.5,184
3/19/2026,product,all,any_ai,89,242,36.8,88
3/19/2026,product,all,genai,69,242,28.5,68
3/19/2026,product,all,ml,41,242,16.9,41
3/19/2026,product,entry,any_ai,1,2,50,1
3/19/2026,product,entry,genai,0,2,0,0
3/19/2026,product,entry,ml,1,2,50,1
3/19/2026,product,mid,any_ai,23,75,30.7,22
3/19/2026,product,mid,genai,22,75,29.3,21
3/19/2026,product,mid,ml,4,75,5.3,4
3/19/2026,product,senior,any_ai,65,165,39.4,65
3/19/2026,product,senior,genai,47,165,28.5,47
3/19/2026,product,senior,ml,36,165,21.8,36
3/19/2026,security,all,any_ai,7,27,25.9,7
3/19/2026,security,all,genai,4,27,14.8,4
3/19/2026,security,all,ml,6,27,22.2,6
3/19/2026,security,mid,any_ai,0,8,0,0
3/19/2026,security,mid,genai,0,8,0,0
3/19/2026,security,mid,ml,0,8,0,0
3/19/2026,security,senior,any_ai,7,19,36.8,7
3/19/2026,security,senior,genai,4,19,21.1,4
3/19/2026,security,senior,ml,6,19,31.6,6
3/26/2026,ai,all,any_ai,273,288,94.8,273
3/26/2026,ai,all,genai,230,288,79.9,227
3/26/2026,ai,all,ml,201,288,69.8,201
3/26/2026,ai,entry,any_ai,1,1,100,1
3/26/2026,ai,entry,genai,1,1,100,1
3/26/2026,ai,entry,ml,1,1,100,1
3/26/2026,ai,mid,any_ai,146,157,93,146
3/26/2026,ai,mid,genai,128,157,81.5,127
3/26/2026,ai,mid,ml,106,157,67.5,106
3/26/2026,ai,senior,any_ai,126,130,96.9,126
3/26/2026,ai,senior,genai,101,130,77.7,99
3/26/2026,ai,senior,ml,94,130,72.3,94
3/26/2026,data,all,any_ai,107,181,59.1,106
3/26/2026,data,all,genai,39,181,21.5,39
3/26/2026,data,all,ml,90,181,49.7,89
3/26/2026,data,mid,any_ai,29,68,42.6,29
3/26/2026,data,mid,genai,10,68,14.7,10
3/26/2026,data,mid,ml,25,68,36.8,25
3/26/2026,data,senior,any_ai,78,113,69,77
3/26/2026,data,senior,genai,29,113,25.7,29
3/26/2026,data,senior,ml,65,113,57.5,64
3/26/2026,devops,all,any_ai,12,92,13,12
3/26/2026,devops,all,genai,9,92,9.8,9
3/26/2026,devops,all,ml,8,92,8.7,8
3/26/2026,devops,entry,any_ai,0,3,0,0
3/26/2026,devops,entry,genai,0,3,0,0
3/26/2026,devops,entry,ml,0,3,0,0
3/26/2026,devops,mid,any_ai,9,32,28.1,9
3/26/2026,devops,mid,genai,7,32,21.9,7
3/26/2026,devops,mid,ml,5,32,15.6,5
3/26/2026,devops,senior,any_ai,3,57,5.3,3
3/26/2026,devops,senior,genai,2,57,3.5,2
3/26/2026,devops,senior,ml,3,57,5.3,3
3/26/2026,engineering,all,any_ai,324,890,36.4,322
3/26/2026,engineering,all,genai,191,890,21.5,190
3/26/2026,engineering,all,ml,230,890,25.8,225
3/26/2026,engineering,entry,any_ai,5,8,62.5,5
3/26/2026,engineering,entry,genai,3,8,37.5,3
3/26/2026,engineering,entry,ml,3,8,37.5,3
3/26/2026,engineering,mid,any_ai,62,282,22,61
3/26/2026,engineering,mid,genai,41,282,14.5,41
3/26/2026,engineering,mid,ml,38,282,13.5,34
3/26/2026,engineering,senior,any_ai,257,600,42.8,256
3/26/2026,engineering,senior,genai,147,600,24.5,146
3/26/2026,engineering,senior,ml,189,600,31.5,188
3/26/2026,product,all,any_ai,91,251,36.3,90
3/26/2026,product,all,genai,71,251,28.3,70
3/26/2026,product,all,ml,42,251,16.7,42
3/26/2026,product,entry,any_ai,1,3,33.3,1
3/26/2026,product,entry,genai,0,3,0,0
3/26/2026,product,entry,ml,1,3,33.3,1
3/26/2026,product,mid,any_ai,23,76,30.3,22
3/26/2026,product,mid,genai,22,76,28.9,21
3/26/2026,product,mid,ml,4,76,5.3,4
3/26/2026,product,senior,any_ai,67,172,39,67
3/26/2026,product,senior,genai,49,172,28.5,49
3/26/2026,product,senior,ml,37,172,21.5,37
3/26/2026,security,all,any_ai,9,29,31,9
3/26/2026,security,all,genai,6,29,20.7,6
3/26/2026,security,all,ml,8,29,27.6,8
3/26/2026,security,mid,any_ai,0,8,0,0
3/26/2026,security,mid,genai,0,8,0,0
3/26/2026,security,mid,ml,0,8,0,0
3/26/2026,security,senior,any_ai,9,21,42.9,9
3/26/2026,security,senior,genai,6,21,28.6,6
3/26/2026,security,senior,ml,8,21,38.1,8
4/2/2026,ai,all,any_ai,302,321,94.1,302
4/2/2026,ai,all,genai,257,321,80.1,254
4/2/2026,ai,all,ml,230,321,71.7,230
4/2/2026,ai,entry,any_ai,1,1,100,1
4/2/2026,ai,entry,genai,1,1,100,1
4/2/2026,ai,entry,ml,1,1,100,1
4/2/2026,ai,mid,any_ai,161,174,92.5,161
4/2/2026,ai,mid,genai,141,174,81,140
4/2/2026,ai,mid,ml,121,174,69.5,121
4/2/2026,ai,senior,any_ai,140,146,95.9,140
4/2/2026,ai,senior,genai,115,146,78.8,113
4/2/2026,ai,senior,ml,108,146,74,108
4/2/2026,data,all,any_ai,125,215,58.1,124
4/2/2026,data,all,genai,44,215,20.5,44
4/2/2026,data,all,ml,105,215,48.8,104
4/2/2026,data,mid,any_ai,38,86,44.2,38
4/2/2026,data,mid,genai,13,86,15.1,13
4/2/2026,data,mid,ml,31,86,36,31
4/2/2026,data,senior,any_ai,87,129,67.4,86
4/2/2026,data,senior,genai,31,129,24,31
4/2/2026,data,senior,ml,74,129,57.4,73
4/2/2026,devops,all,any_ai,19,133,14.3,19
4/2/2026,devops,all,genai,16,133,12,16
4/2/2026,devops,all,ml,14,133,10.5,14
4/2/2026,devops,entry,any_ai,0,3,0,0
4/2/2026,devops,entry,genai,0,3,0,0
4/2/2026,devops,entry,ml,0,3,0,0
4/2/2026,devops,mid,any_ai,15,50,30,15
4/2/2026,devops,mid,genai,13,50,26,13
4/2/2026,devops,mid,ml,11,50,22,11
4/2/2026,devops,senior,any_ai,4,80,5,4
4/2/2026,devops,senior,genai,3,80,3.8,3
4/2/2026,devops,senior,ml,3,80,3.8,3
4/2/2026,engineering,all,any_ai,381,1041,36.6,377
4/2/2026,engineering,all,genai,239,1041,23,236
4/2/2026,engineering,all,ml,255,1041,24.5,250
4/2/2026,engineering,entry,any_ai,6,9,66.7,6
4/2/2026,engineering,entry,genai,4,9,44.4,4
4/2/2026,engineering,entry,ml,3,9,33.3,3
4/2/2026,engineering,mid,any_ai,75,326,23,74
4/2/2026,engineering,mid,genai,53,326,16.3,53
4/2/2026,engineering,mid,ml,42,326,12.9,38
4/2/2026,engineering,senior,any_ai,300,706,42.5,297
4/2/2026,engineering,senior,genai,182,706,25.8,179
4/2/2026,engineering,senior,ml,210,706,29.7,209
4/2/2026,product,all,any_ai,101,298,33.9,100
4/2/2026,product,all,genai,81,298,27.2,78
4/2/2026,product,all,ml,46,298,15.4,46
4/2/2026,product,entry,any_ai,1,3,33.3,1
4/2/2026,product,entry,genai,0,3,0,0
4/2/2026,product,entry,ml,1,3,33.3,1
4/2/2026,product,mid,any_ai,27,90,30,26
4/2/2026,product,mid,genai,26,90,28.9,25
4/2/2026,product,mid,ml,4,90,4.4,4
4/2/2026,product,senior,any_ai,73,205,35.6,73
4/2/2026,product,senior,genai,55,205,26.8,53
4/2/2026,product,senior,ml,41,205,20,41
4/2/2026,security,all,any_ai,9,41,22,9
4/2/2026,security,all,genai,6,41,14.6,6
4/2/2026,security,all,ml,8,41,19.5,8
4/2/2026,security,entry,any_ai,0,1,0,0
4/2/2026,security,entry,genai,0,1,0,0
4/2/2026,security,entry,ml,0,1,0,0
4/2/2026,security,mid,any_ai,0,9,0,0
4/2/2026,security,mid,genai,0,9,0,0
4/2/2026,security,mid,ml,0,9,0,0
4/2/2026,security,senior,any_ai,9,31,29,9
4/2/2026,security,senior,genai,6,31,19.4,6
4/2/2026,security,senior,ml,8,31,25.8,8
4/9/2026,ai,all,any_ai,375,431,87,375
4/9/2026,ai,all,genai,288,431,66.8,285
4/9/2026,ai,all,ml,291,431,67.5,291
4/9/2026,ai,entry,any_ai,1,2,50,1
4/9/2026,ai,entry,genai,1,2,50,1
4/9/2026,ai,entry,ml,1,2,50,1
4/9/2026,ai,mid,any_ai,191,223,85.7,191
4/9/2026,ai,mid,genai,159,223,71.3,158
4/9/2026,ai,mid,ml,145,223,65,145
4/9/2026,ai,senior,any_ai,183,206,88.8,183
4/9/2026,ai,senior,genai,128,206,62.1,126
4/9/2026,ai,senior,ml,145,206,70.4,145
4/9/2026,data,all,any_ai,173,468,37,172
4/9/2026,data,all,genai,72,468,15.4,72
4/9/2026,data,all,ml,137,468,29.3,136
4/9/2026,data,entry,any_ai,0,2,0,0
4/9/2026,data,entry,genai,0,2,0,0
4/9/2026,data,entry,ml,0,2,0,0
4/9/2026,data,mid,any_ai,57,221,25.8,57
4/9/2026,data,mid,genai,20,221,9,20
4/9/2026,data,mid,ml,46,221,20.8,46
4/9/2026,data,senior,any_ai,116,245,47.3,115
4/9/2026,data,senior,genai,52,245,21.2,52
4/9/2026,data,senior,ml,91,245,37.1,90
4/9/2026,devops,all,any_ai,73,315,23.2,73
4/9/2026,devops,all,genai,55,315,17.5,55
4/9/2026,devops,all,ml,41,315,13,41
4/9/2026,devops,entry,any_ai,0,6,0,0
4/9/2026,devops,entry,genai,0,6,0,0
4/9/2026,devops,entry,ml,0,6,0,0
4/9/2026,devops,mid,any_ai,50,147,34,50
4/9/2026,devops,mid,genai,41,147,27.9,41
4/9/2026,devops,mid,ml,27,147,18.4,27
4/9/2026,devops,senior,any_ai,23,162,14.2,23
4/9/2026,devops,senior,genai,14,162,8.6,14
4/9/2026,devops,senior,ml,14,162,8.6,14
4/9/2026,engineering,all,any_ai,467,1733,26.9,463
4/9/2026,engineering,all,genai,297,1733,17.1,294
4/9/2026,engineering,all,ml,296,1733,17.1,291
4/9/2026,engineering,entry,any_ai,7,28,25,7
4/9/2026,engineering,entry,genai,5,28,17.9,5
4/9/2026,engineering,entry,ml,4,28,14.3,4
4/9/2026,engineering,mid,any_ai,106,607,17.5,105
4/9/2026,engineering,mid,genai,71,607,11.7,71
4/9/2026,engineering,mid,ml,59,607,9.7,55
4/9/2026,engineering,senior,any_ai,354,1098,32.2,351
4/9/2026,engineering,senior,genai,221,1098,20.1,218
4/9/2026,engineering,senior,ml,233,1098,21.2,232
4/9/2026,product,all,any_ai,123,388,31.7,122
4/9/2026,product,all,genai,99,388,25.5,96
4/9/2026,product,all,ml,59,388,15.2,59
4/9/2026,product,entry,any_ai,1,3,33.3,1
4/9/2026,product,entry,genai,0,3,0,0
4/9/2026,product,entry,ml,1,3,33.3,1
4/9/2026,product,mid,any_ai,37,121,30.6,36
4/9/2026,product,mid,genai,33,121,27.3,32
4/9/2026,product,mid,ml,10,121,8.3,10
4/9/2026,product,senior,any_ai,85,264,32.2,85
4/9/2026,product,senior,genai,66,264,25,64
4/9/2026,product,senior,ml,48,264,18.2,48
4/9/2026,security,all,any_ai,10,64,15.6,10
4/9/2026,security,all,genai,7,64,10.9,7
4/9/2026,security,all,ml,8,64,12.5,8
4/9/2026,security,entry,any_ai,0,1,0,0
4/9/2026,security,entry,genai,0,1,0,0
4/9/2026,security,entry,ml,0,1,0,0
4/9/2026,security,mid,any_ai,0,24,0,0
4/9/2026,security,mid,genai,0,24,0,0
4/9/2026,security,mid,ml,0,24,0,0
4/9/2026,security,senior,any_ai,10,39,25.6,10
4/9/2026,security,senior,genai,7,39,17.9,7
4/9/2026,security,senior,ml,8,39,20.5,8
4/16/2026,ai,all,any_ai,375,417,89.9,375
4/16/2026,ai,all,genai,264,417,63.3,261
4/16/2026,ai,all,ml,302,417,72.4,302
4/16/2026,ai,entry,any_ai,1,1,100,1
4/16/2026,ai,entry,genai,1,1,100,1
4/16/2026,ai,entry,ml,1,1,100,1
4/16/2026,ai,mid,any_ai,193,214,90.2,193
4/16/2026,ai,mid,genai,142,214,66.4,141
4/16/2026,ai,mid,ml,150,214,70.1,150
4/16/2026,ai,senior,any_ai,181,202,89.6,181
4/16/2026,ai,senior,genai,121,202,59.9,119
4/16/2026,ai,senior,ml,151,202,74.8,151
4/16/2026,data,all,any_ai,172,427,40.3,171
4/16/2026,data,all,genai,64,427,15,64
4/16/2026,data,all,ml,141,427,33,140
4/16/2026,data,entry,any_ai,0,1,0,0
4/16/2026,data,entry,genai,0,1,0,0
4/16/2026,data,entry,ml,0,1,0,0
4/16/2026,data,mid,any_ai,51,188,27.1,51
4/16/2026,data,mid,genai,17,188,9,17
4/16/2026,data,mid,ml,43,188,22.9,43
4/16/2026,data,senior,any_ai,121,238,50.8,120
4/16/2026,data,senior,genai,47,238,19.7,47
4/16/2026,data,senior,ml,98,238,41.2,97
4/16/2026,devops,all,any_ai,77,391,19.7,77
4/16/2026,devops,all,genai,55,391,14.1,55
4/16/2026,devops,all,ml,41,391,10.5,41
4/16/2026,devops,entry,any_ai,6,9,66.7,6
4/16/2026,devops,entry,genai,0,9,0,0
4/16/2026,devops,entry,ml,6,9,66.7,6
4/16/2026,devops,mid,any_ai,44,169,26,44
4/16/2026,devops,mid,genai,37,169,21.9,37
4/16/2026,devops,mid,ml,21,169,12.4,21
4/16/2026,devops,senior,any_ai,27,213,12.7,27
4/16/2026,devops,senior,genai,18,213,8.5,18
4/16/2026,devops,senior,ml,14,213,6.6,14
4/16/2026,engineering,all,any_ai,463,1699,27.3,459
4/16/2026,engineering,all,genai,289,1699,17,286
4/16/2026,engineering,all,ml,302,1699,17.8,297
4/16/2026,engineering,entry,any_ai,7,33,21.2,7
4/16/2026,engineering,entry,genai,5,33,15.2,5
4/16/2026,engineering,entry,ml,4,33,12.1,4
4/16/2026,engineering,mid,any_ai,101,624,16.2,100
4/16/2026,engineering,mid,genai,63,624,10.1,63
4/16/2026,engineering,mid,ml,59,624,9.5,55
4/16/2026,engineering,senior,any_ai,355,1042,34.1,352
4/16/2026,engineering,senior,genai,221,1042,21.2,218
4/16/2026,engineering,senior,ml,239,1042,22.9,238
4/16/2026,product,all,any_ai,123,379,32.5,122
4/16/2026,product,all,genai,101,379,26.6,98
4/16/2026,product,all,ml,56,379,14.8,56
4/16/2026,product,entry,any_ai,1,3,33.3,1
4/16/2026,product,entry,genai,0,3,0,0
4/16/2026,product,entry,ml,1,3,33.3,1
4/16/2026,product,mid,any_ai,37,115,32.2,36
4/16/2026,product,mid,genai,33,115,28.7,32
4/16/2026,product,mid,ml,9,115,7.8,9
4/16/2026,product,senior,any_ai,85,261,32.6,85
4/16/2026,product,senior,genai,68,261,26.1,66
4/16/2026,product,senior,ml,46,261,17.6,46
4/16/2026,security,all,any_ai,9,70,12.9,9
4/16/2026,security,all,genai,6,70,8.6,6
4/16/2026,security,all,ml,8,70,11.4,8
4/16/2026,security,entry,any_ai,0,1,0,0
4/16/2026,security,entry,genai,0,1,0,0
4/16/2026,security,entry,ml,0,1,0,0
4/16/2026,security,mid,any_ai,0,27,0,0
4/16/2026,security,mid,genai,0,27,0,0
4/16/2026,security,mid,ml,0,27,0,0
4/16/2026,security,senior,any_ai,9,42,21.4,9
4/16/2026,security,senior,genai,6,42,14.3,6
4/16/2026,security,senior,ml,8,42,19,8
4/23/2026,ai,all,any_ai,351,382,91.9,351
4/23/2026,ai,all,genai,285,382,74.6,282
4/23/2026,ai,all,ml,270,382,70.7,269
4/23/2026,ai,entry,any_ai,1,1,100,1
4/23/2026,ai,entry,genai,1,1,100,1
4/23/2026,ai,entry,ml,1,1,100,1
4/23/2026,ai,mid,any_ai,178,195,91.3,178
4/23/2026,ai,mid,genai,151,195,77.4,150
4/23/2026,ai,mid,ml,133,195,68.2,132
4/23/2026,ai,senior,any_ai,172,186,92.5,172
4/23/2026,ai,senior,genai,133,186,71.5,131
4/23/2026,ai,senior,ml,136,186,73.1,136
4/23/2026,data,all,any_ai,150,387,38.8,149
4/23/2026,data,all,genai,60,387,15.5,60
4/23/2026,data,all,ml,119,387,30.7,118
4/23/2026,data,entry,any_ai,0,2,0,0
4/23/2026,data,entry,genai,0,2,0,0
4/23/2026,data,entry,ml,0,2,0,0
4/23/2026,data,mid,any_ai,43,170,25.3,43
4/23/2026,data,mid,genai,17,170,10,17
4/23/2026,data,mid,ml,35,170,20.6,35
4/23/2026,data,senior,any_ai,107,215,49.8,106
4/23/2026,data,senior,genai,43,215,20,43
4/23/2026,data,senior,ml,84,215,39.1,83
4/23/2026,devops,all,any_ai,60,332,18.1,60
4/23/2026,devops,all,genai,42,332,12.7,42
4/23/2026,devops,all,ml,27,332,8.1,27
4/23/2026,devops,entry,any_ai,0,6,0,0
4/23/2026,devops,entry,genai,0,6,0,0
4/23/2026,devops,entry,ml,0,6,0,0
4/23/2026,devops,mid,any_ai,37,139,26.6,37
4/23/2026,devops,mid,genai,29,139,20.9,29
4/23/2026,devops,mid,ml,13,139,9.4,13
4/23/2026,devops,senior,any_ai,23,187,12.3,23
4/23/2026,devops,senior,genai,13,187,7,13
4/23/2026,devops,senior,ml,14,187,7.5,14
4/23/2026,engineering,all,any_ai,483,1892,25.5,478
4/23/2026,engineering,all,genai,286,1892,15.1,282
4/23/2026,engineering,all,ml,319,1892,16.9,314
4/23/2026,engineering,entry,any_ai,10,45,22.2,10
4/23/2026,engineering,entry,genai,6,45,13.3,6
4/23/2026,engineering,entry,ml,6,45,13.3,6
4/23/2026,engineering,mid,any_ai,120,716,16.8,118
4/23/2026,engineering,mid,genai,67,716,9.4,66
4/23/2026,engineering,mid,ml,76,716,10.6,72
4/23/2026,engineering,senior,any_ai,353,1131,31.2,350
4/23/2026,engineering,senior,genai,213,1131,18.8,210
4/23/2026,engineering,senior,ml,237,1131,21,236
4/23/2026,product,all,any_ai,129,397,32.5,128
4/23/2026,product,all,genai,105,397,26.4,102
4/23/2026,product,all,ml,59,397,14.9,59
4/23/2026,product,entry,any_ai,1,4,25,1
4/23/2026,product,entry,genai,0,4,0,0
4/23/2026,product,entry,ml,1,4,25,1
4/23/2026,product,mid,any_ai,37,119,31.1,36
4/23/2026,product,mid,genai,32,119,26.9,31
4/23/2026,product,mid,ml,10,119,8.4,10
4/23/2026,product,senior,any_ai,91,274,33.2,91
4/23/2026,product,senior,genai,73,274,26.6,71
4/23/2026,product,senior,ml,48,274,17.5,48
4/23/2026,security,all,any_ai,14,72,19.4,12
4/23/2026,security,all,genai,9,72,12.5,7
4/23/2026,security,all,ml,10,72,13.9,10
4/23/2026,security,entry,any_ai,0,1,0,0
4/23/2026,security,entry,genai,0,1,0,0
4/23/2026,security,entry,ml,0,1,0,0
4/23/2026,security,mid,any_ai,3,24,12.5,1
4/23/2026,security,mid,genai,3,24,12.5,1
4/23/2026,security,mid,ml,0,24,0,0
4/23/2026,security,senior,any_ai,11,47,23.4,11
4/23/2026,security,senior,genai,6,47,12.8,6
4/23/2026,security,senior,ml,10,47,21.3,10
4/30/2026,ai,all,any_ai,349,380,91.8,347
4/30/2026,ai,all,genai,269,380,70.8,264
4/30/2026,ai,all,ml,275,380,72.4,274
4/30/2026,ai,mid,any_ai,181,198,91.4,179
4/30/2026,ai,mid,genai,145,198,73.2,142
4/30/2026,ai,mid,ml,137,198,69.2,136
4/30/2026,ai,senior,any_ai,168,182,92.3,168
4/30/2026,ai,senior,genai,124,182,68.1,122
4/30/2026,ai,senior,ml,138,182,75.8,138
4/30/2026,data,all,any_ai,145,316,45.9,144
4/30/2026,data,all,genai,57,316,18,57
4/30/2026,data,all,ml,114,316,36.1,113
4/30/2026,data,mid,any_ai,40,126,31.7,40
4/30/2026,data,mid,genai,16,126,12.7,16
4/30/2026,data,mid,ml,32,126,25.4,32
4/30/2026,data,senior,any_ai,105,190,55.3,104
4/30/2026,data,senior,genai,41,190,21.6,41
4/30/2026,data,senior,ml,82,190,43.2,81
4/30/2026,devops,all,any_ai,80,303,26.4,80
4/30/2026,devops,all,genai,59,303,19.5,59
4/30/2026,devops,all,ml,39,303,12.9,39
4/30/2026,devops,entry,any_ai,0,10,0,0
4/30/2026,devops,entry,genai,0,10,0,0
4/30/2026,devops,entry,ml,0,10,0,0
4/30/2026,devops,mid,any_ai,33,122,27,33
4/30/2026,devops,mid,genai,29,122,23.8,29
4/30/2026,devops,mid,ml,9,122,7.4,9
4/30/2026,devops,senior,any_ai,47,171,27.5,47
4/30/2026,devops,senior,genai,30,171,17.5,30
4/30/2026,devops,senior,ml,30,171,17.5,30
4/30/2026,engineering,all,any_ai,421,1374,30.6,414
4/30/2026,engineering,all,genai,255,1374,18.6,249
4/30/2026,engineering,all,ml,279,1374,20.3,274
4/30/2026,engineering,entry,any_ai,12,33,36.4,11
4/30/2026,engineering,entry,genai,7,33,21.2,6
4/30/2026,engineering,entry,ml,7,33,21.2,7
4/30/2026,engineering,mid,any_ai,96,484,19.8,94
4/30/2026,engineering,mid,genai,60,484,12.4,59
4/30/2026,engineering,mid,ml,58,484,12,54
4/30/2026,engineering,senior,any_ai,313,857,36.5,309
4/30/2026,engineering,senior,genai,188,857,21.9,184
4/30/2026,engineering,senior,ml,214,857,25,213
4/30/2026,product,all,any_ai,122,380,32.1,121
4/30/2026,product,all,genai,98,380,25.8,95
4/30/2026,product,all,ml,57,380,15,57
4/30/2026,product,entry,any_ai,0,2,0,0
4/30/2026,product,entry,genai,0,2,0,0
4/30/2026,product,entry,ml,0,2,0,0
4/30/2026,product,mid,any_ai,35,110,31.8,34
4/30/2026,product,mid,genai,30,110,27.3,29
4/30/2026,product,mid,ml,10,110,9.1,10
4/30/2026,product,senior,any_ai,87,268,32.5,87
4/30/2026,product,senior,genai,68,268,25.4,66
4/30/2026,product,senior,ml,47,268,17.5,47
4/30/2026,security,all,any_ai,13,60,21.7,11
4/30/2026,security,all,genai,8,60,13.3,6
4/30/2026,security,all,ml,9,60,15,9
4/30/2026,security,entry,any_ai,0,1,0,0
4/30/2026,security,entry,genai,0,1,0,0
4/30/2026,security,entry,ml,0,1,0,0
4/30/2026,security,mid,any_ai,3,18,16.7,1
4/30/2026,security,mid,genai,3,18,16.7,1
4/30/2026,security,mid,ml,0,18,0,0
4/30/2026,security,senior,any_ai,10,41,24.4,10
4/30/2026,security,senior,genai,5,41,12.2,5
4/30/2026,security,senior,ml,9,41,22,9
5/7/2026,ai,all,any_ai,309,341,90.6,307
5/7/2026,ai,all,genai,249,341,73,244
5/7/2026,ai,all,ml,240,341,70.4,239
5/7/2026,ai,entry,any_ai,1,1,100,1
5/7/2026,ai,entry,genai,1,1,100,1
5/7/2026,ai,entry,ml,0,1,0,0
5/7/2026,ai,mid,any_ai,165,182,90.7,163
5/7/2026,ai,mid,genai,141,182,77.5,138
5/7/2026,ai,mid,ml,121,182,66.5,120
5/7/2026,ai,senior,any_ai,143,158,90.5,143
5/7/2026,ai,senior,genai,107,158,67.7,105
5/7/2026,ai,senior,ml,119,158,75.3,119
5/7/2026,data,all,any_ai,138,315,43.8,134
5/7/2026,data,all,genai,57,315,18.1,54
5/7/2026,data,all,ml,105,315,33.3,104
5/7/2026,data,entry,any_ai,1,3,33.3,1
5/7/2026,data,entry,genai,1,3,33.3,1
5/7/2026,data,entry,ml,0,3,0,0
5/7/2026,data,mid,any_ai,39,134,29.1,39
5/7/2026,data,mid,genai,18,134,13.4,18
5/7/2026,data,mid,ml,30,134,22.4,30
5/7/2026,data,senior,any_ai,98,178,55.1,94
5/7/2026,data,senior,genai,38,178,21.3,35
5/7/2026,data,senior,ml,75,178,42.1,74
5/7/2026,devops,all,any_ai,62,252,24.6,62
5/7/2026,devops,all,genai,44,252,17.5,44
5/7/2026,devops,all,ml,30,252,11.9,30
5/7/2026,devops,entry,any_ai,0,11,0,0
5/7/2026,devops,entry,genai,0,11,0,0
5/7/2026,devops,entry,ml,0,11,0,0
5/7/2026,devops,mid,any_ai,35,121,28.9,35
5/7/2026,devops,mid,genai,31,121,25.6,31
5/7/2026,devops,mid,ml,12,121,9.9,12
5/7/2026,devops,senior,any_ai,27,120,22.5,27
5/7/2026,devops,senior,genai,13,120,10.8,13
5/7/2026,devops,senior,ml,18,120,15,18
5/7/2026,engineering,all,any_ai,357,1124,31.8,350
5/7/2026,engineering,all,genai,205,1124,18.2,199
5/7/2026,engineering,all,ml,242,1124,21.5,237
5/7/2026,engineering,entry,any_ai,8,20,40,7
5/7/2026,engineering,entry,genai,5,20,25,4
5/7/2026,engineering,entry,ml,5,20,25,5
5/7/2026,engineering,mid,any_ai,75,371,20.2,73
5/7/2026,engineering,mid,genai,46,371,12.4,45
5/7/2026,engineering,mid,ml,48,371,12.9,44
5/7/2026,engineering,senior,any_ai,274,733,37.4,270
5/7/2026,engineering,senior,genai,154,733,21,150
5/7/2026,engineering,senior,ml,189,733,25.8,188
5/7/2026,product,all,any_ai,108,365,29.6,107
5/7/2026,product,all,genai,82,365,22.5,79
5/7/2026,product,all,ml,54,365,14.8,54
5/7/2026,product,entry,any_ai,0,1,0,0
5/7/2026,product,entry,genai,0,1,0,0
5/7/2026,product,entry,ml,0,1,0,0
5/7/2026,product,mid,any_ai,32,106,30.2,31
5/7/2026,product,mid,genai,24,106,22.6,23
5/7/2026,product,mid,ml,12,106,11.3,12
5/7/2026,product,senior,any_ai,76,258,29.5,76
5/7/2026,product,senior,genai,58,258,22.5,56
5/7/2026,product,senior,ml,42,258,16.3,42
5/7/2026,security,all,any_ai,15,73,20.5,11
5/7/2026,security,all,genai,10,73,13.7,6
5/7/2026,security,all,ml,9,73,12.3,9
5/7/2026,security,entry,any_ai,0,1,0,0
5/7/2026,security,entry,genai,0,1,0,0
5/7/2026,security,entry,ml,0,1,0,0
5/7/2026,security,mid,any_ai,3,18,16.7,1
5/7/2026,security,mid,genai,3,18,16.7,1
5/7/2026,security,mid,ml,0,18,0,0
5/7/2026,security,senior,any_ai,12,54,22.2,10
5/7/2026,security,senior,genai,7,54,13,5
5/7/2026,security,senior,ml,9,54,16.7,9
5/14/2026,ai,all,any_ai,294,318,92.5,292
5/14/2026,ai,all,genai,241,318,75.8,236
5/14/2026,ai,all,ml,232,318,73,230
5/14/2026,ai,mid,any_ai,164,174,94.3,162
5/14/2026,ai,mid,genai,141,174,81,138
5/14/2026,ai,mid,ml,122,174,70.1,120
5/14/2026,ai,senior,any_ai,130,144,90.3,130
5/14/2026,ai,senior,genai,100,144,69.4,98
5/14/2026,ai,senior,ml,110,144,76.4,110
5/14/2026,data,all,any_ai,99,251,39.4,95
5/14/2026,data,all,genai,43,251,17.1,40
5/14/2026,data,all,ml,78,251,31.1,77
5/14/2026,data,entry,any_ai,0,3,0,0
5/14/2026,data,entry,genai,0,3,0,0
5/14/2026,data,entry,ml,0,3,0,0
5/14/2026,data,mid,any_ai,28,98,28.6,28
5/14/2026,data,mid,genai,14,98,14.3,14
5/14/2026,data,mid,ml,23,98,23.5,23
5/14/2026,data,senior,any_ai,71,150,47.3,67
5/14/2026,data,senior,genai,29,150,19.3,26
5/14/2026,data,senior,ml,55,150,36.7,54
5/14/2026,devops,all,any_ai,68,182,37.4,58
5/14/2026,devops,all,genai,56,182,30.8,46
5/14/2026,devops,all,ml,24,182,13.2,24
5/14/2026,devops,mid,any_ai,45,100,45,35
5/14/2026,devops,mid,genai,41,100,41,31
5/14/2026,devops,mid,ml,12,100,12,12
5/14/2026,devops,senior,any_ai,23,82,28,23
5/14/2026,devops,senior,genai,15,82,18.3,15
5/14/2026,devops,senior,ml,12,82,14.6,12
5/14/2026,engineering,all,any_ai,294,1024,28.7,285
5/14/2026,engineering,all,genai,180,1024,17.6,172
5/14/2026,engineering,all,ml,197,1024,19.2,192
5/14/2026,engineering,entry,any_ai,7,19,36.8,6
5/14/2026,engineering,entry,genai,5,19,26.3,4
5/14/2026,engineering,entry,ml,4,19,21.1,4
5/14/2026,engineering,mid,any_ai,67,351,19.1,64
5/14/2026,engineering,mid,genai,45,351,12.8,43
5/14/2026,engineering,mid,ml,41,351,11.7,37
5/14/2026,engineering,senior,any_ai,220,654,33.6,215
5/14/2026,engineering,senior,genai,130,654,19.9,125
5/14/2026,engineering,senior,ml,152,654,23.2,151
5/14/2026,product,all,any_ai,112,357,31.4,110
5/14/2026,product,all,genai,84,357,23.5,81
5/14/2026,product,all,ml,56,357,15.7,55
5/14/2026,product,mid,any_ai,33,102,32.4,32
5/14/2026,product,mid,genai,24,102,23.5,23
5/14/2026,product,mid,ml,13,102,12.7,13
5/14/2026,product,senior,any_ai,79,255,31,78
5/14/2026,product,senior,genai,60,255,23.5,58
5/14/2026,product,senior,ml,43,255,16.9,42
5/14/2026,security,all,any_ai,16,53,30.2,12
5/14/2026,security,all,genai,12,53,22.6,8
5/14/2026,security,all,ml,7,53,13.2,7
5/14/2026,security,entry,any_ai,0,1,0,0
5/14/2026,security,entry,genai,0,1,0,0
5/14/2026,security,entry,ml,0,1,0,0
5/14/2026,security,mid,any_ai,5,17,29.4,3
5/14/2026,security,mid,genai,5,17,29.4,3
5/14/2026,security,mid,ml,0,17,0,0
5/14/2026,security,senior,any_ai,11,35,31.4,9
5/14/2026,security,senior,genai,7,35,20,5
5/14/2026,security,senior,ml,7,35,20,7
5/21/2026,ai,all,any_ai,305,345,88.4,303
5/21/2026,ai,all,genai,241,345,69.9,236
5/21/2026,ai,all,ml,240,345,69.6,238
5/21/2026,ai,mid,any_ai,164,185,88.6,162
5/21/2026,ai,mid,genai,136,185,73.5,133
5/21/2026,ai,mid,ml,122,185,65.9,120
5/21/2026,ai,senior,any_ai,141,160,88.1,141
5/21/2026,ai,senior,genai,105,160,65.6,103
5/21/2026,ai,senior,ml,118,160,73.8,118
5/21/2026,data,all,any_ai,86,219,39.3,82
5/21/2026,data,all,genai,36,219,16.4,33
5/21/2026,data,all,ml,67,219,30.6,66
5/21/2026,data,entry,any_ai,0,3,0,0
5/21/2026,data,entry,genai,0,3,0,0
5/21/2026,data,entry,ml,0,3,0,0
5/21/2026,data,mid,any_ai,23,80,28.7,23
5/21/2026,data,mid,genai,12,80,15,12
5/21/2026,data,mid,ml,18,80,22.5,18
5/21/2026,data,senior,any_ai,63,136,46.3,59
5/21/2026,data,senior,genai,24,136,17.6,21
5/21/2026,data,senior,ml,49,136,36,48
5/21/2026,devops,all,any_ai,65,182,35.7,55
5/21/2026,devops,all,genai,54,182,29.7,44
5/21/2026,devops,all,ml,23,182,12.6,23
5/21/2026,devops,entry,any_ai,0,1,0,0
5/21/2026,devops,entry,genai,0,1,0,0
5/21/2026,devops,entry,ml,0,1,0,0
5/21/2026,devops,mid,any_ai,43,104,41.3,33
5/21/2026,devops,mid,genai,40,104,38.5,30
5/21/2026,devops,mid,ml,11,104,10.6,11
5/21/2026,devops,senior,any_ai,22,77,28.6,22
5/21/2026,devops,senior,genai,14,77,18.2,14
5/21/2026,devops,senior,ml,12,77,15.6,12
5/21/2026,engineering,all,any_ai,302,1048,28.8,291
5/21/2026,engineering,all,genai,190,1048,18.1,180
5/21/2026,engineering,all,ml,198,1048,18.9,192
5/21/2026,engineering,entry,any_ai,7,19,36.8,6
5/21/2026,engineering,entry,genai,5,19,26.3,4
5/21/2026,engineering,entry,ml,4,19,21.1,4
5/21/2026,engineering,mid,any_ai,72,357,20.2,69
5/21/2026,engineering,mid,genai,52,357,14.6,50
5/21/2026,engineering,mid,ml,39,357,10.9,35
5/21/2026,engineering,senior,any_ai,223,672,33.2,216
5/21/2026,engineering,senior,genai,133,672,19.8,126
5/21/2026,engineering,senior,ml,155,672,23.1,153
5/21/2026,product,all,any_ai,111,364,30.5,109
5/21/2026,product,all,genai,84,364,23.1,81
5/21/2026,product,all,ml,55,364,15.1,54
5/21/2026,product,entry,any_ai,0,1,0,0
5/21/2026,product,entry,genai,0,1,0,0
5/21/2026,product,entry,ml,0,1,0,0
5/21/2026,product,mid,any_ai,33,107,30.8,32
5/21/2026,product,mid,genai,24,107,22.4,23
5/21/2026,product,mid,ml,13,107,12.1,13
5/21/2026,product,senior,any_ai,78,256,30.5,77
5/21/2026,product,senior,genai,60,256,23.4,58
5/21/2026,product,senior,ml,42,256,16.4,41
5/21/2026,security,all,any_ai,11,41,26.8,7
5/21/2026,security,all,genai,11,41,26.8,7
5/21/2026,security,all,ml,2,41,4.9,2
5/21/2026,security,mid,any_ai,5,14,35.7,3
5/21/2026,security,mid,genai,5,14,35.7,3
5/21/2026,security,mid,ml,0,14,0,0
5/21/2026,security,senior,any_ai,6,27,22.2,4
5/21/2026,security,senior,genai,6,27,22.2,4
5/21/2026,security,senior,ml,2,27,7.4,2
5/28/2026,ai,all,any_ai,300,336,89.3,298
5/28/2026,ai,all,genai,241,336,71.7,236
5/28/2026,ai,all,ml,238,336,70.8,236
5/28/2026,ai,entry,any_ai,1,2,50,1
5/28/2026,ai,entry,genai,0,2,0,0
5/28/2026,ai,entry,ml,1,2,50,1
5/28/2026,ai,mid,any_ai,167,181,92.3,165
5/28/2026,ai,mid,genai,140,181,77.3,137
5/28/2026,ai,mid,ml,126,181,69.6,124
5/28/2026,ai,senior,any_ai,132,153,86.3,132
5/28/2026,ai,senior,genai,101,153,66,99
5/28/2026,ai,senior,ml,111,153,72.5,111
5/28/2026,data,all,any_ai,78,249,31.3,74
5/28/2026,data,all,genai,35,249,14.1,32
5/28/2026,data,all,ml,60,249,24.1,59
5/28/2026,data,entry,any_ai,0,3,0,0
5/28/2026,data,entry,genai,0,3,0,0
5/28/2026,data,entry,ml,0,3,0,0
5/28/2026,data,mid,any_ai,22,103,21.4,22
5/28/2026,data,mid,genai,12,103,11.7,12
5/28/2026,data,mid,ml,17,103,16.5,17
5/28/2026,data,senior,any_ai,56,143,39.2,52
5/28/2026,data,senior,genai,23,143,16.1,20
5/28/2026,data,senior,ml,43,143,30.1,42
5/28/2026,devops,all,any_ai,67,196,34.2,56
5/28/2026,devops,all,genai,55,196,28.1,44
5/28/2026,devops,all,ml,24,196,12.2,24
5/28/2026,devops,entry,any_ai,0,1,0,0
5/28/2026,devops,entry,genai,0,1,0,0
5/28/2026,devops,entry,ml,0,1,0,0
5/28/2026,devops,mid,any_ai,44,112,39.3,33
5/28/2026,devops,mid,genai,41,112,36.6,30
5/28/2026,devops,mid,ml,11,112,9.8,11
5/28/2026,devops,senior,any_ai,23,83,27.7,23
5/28/2026,devops,senior,genai,14,83,16.9,14
5/28/2026,devops,senior,ml,13,83,15.7,13
5/28/2026,engineering,all,any_ai,284,1082,26.2,271
5/28/2026,engineering,all,genai,181,1082,16.7,169
5/28/2026,engineering,all,ml,182,1082,16.8,176
5/28/2026,engineering,entry,any_ai,7,20,35,6
5/28/2026,engineering,entry,genai,5,20,25,4
5/28/2026,engineering,entry,ml,3,20,15,3
5/28/2026,engineering,mid,any_ai,69,381,18.1,66
5/28/2026,engineering,mid,genai,49,381,12.9,47
5/28/2026,engineering,mid,ml,34,381,8.9,30
5/28/2026,engineering,senior,any_ai,208,681,30.5,199
5/28/2026,engineering,senior,genai,127,681,18.6,118
5/28/2026,engineering,senior,ml,145,681,21.3,143
5/28/2026,product,all,any_ai,100,345,29,98
5/28/2026,product,all,genai,73,345,21.2,70
5/28/2026,product,all,ml,52,345,15.1,51
5/28/2026,product,entry,any_ai,0,1,0,0
5/28/2026,product,entry,genai,0,1,0,0
5/28/2026,product,entry,ml,0,1,0,0
5/28/2026,product,mid,any_ai,29,101,28.7,28
5/28/2026,product,mid,genai,21,101,20.8,20
5/28/2026,product,mid,ml,12,101,11.9,12
5/28/2026,product,senior,any_ai,71,243,29.2,70
5/28/2026,product,senior,genai,52,243,21.4,50
5/28/2026,product,senior,ml,40,243,16.5,39
5/28/2026,security,all,any_ai,12,45,26.7,8
5/28/2026,security,all,genai,12,45,26.7,8
5/28/2026,security,all,ml,2,45,4.4,2
5/28/2026,security,mid,any_ai,5,16,31.2,3
5/28/2026,security,mid,genai,5,16,31.2,3
5/28/2026,security,mid,ml,0,16,0,0
5/28/2026,security,senior,any_ai,7,29,24.1,5
5/28/2026,security,senior,genai,7,29,24.1,5
5/28/2026,security,senior,ml,2,29,6.9,2
6/4/2026,ai,all,any_ai,278,307,90.6,276
6/4/2026,ai,all,genai,221,307,72,214
6/4/2026,ai,all,ml,228,307,74.3,226
6/4/2026,ai,mid,any_ai,153,165,92.7,151
6/4/2026,ai,mid,genai,129,165,78.2,124
6/4/2026,ai,mid,ml,118,165,71.5,116
6/4/2026,ai,senior,any_ai,125,142,88,125
6/4/2026,ai,senior,genai,92,142,64.8,90
6/4/2026,ai,senior,ml,110,142,77.5,110
6/4/2026,data,all,any_ai,76,298,25.5,72
6/4/2026,data,all,genai,35,298,11.7,32
6/4/2026,data,all,ml,58,298,19.5,57
6/4/2026,data,entry,any_ai,0,3,0,0
6/4/2026,data,entry,genai,0,3,0,0
6/4/2026,data,entry,ml,0,3,0,0
6/4/2026,data,mid,any_ai,21,130,16.2,21
6/4/2026,data,mid,genai,11,130,8.5,11
6/4/2026,data,mid,ml,17,130,13.1,17
6/4/2026,data,senior,any_ai,55,165,33.3,51
6/4/2026,data,senior,genai,24,165,14.5,21
6/4/2026,data,senior,ml,41,165,24.8,40
6/4/2026,devops,all,any_ai,71,233,30.5,60
6/4/2026,devops,all,genai,59,233,25.3,48
6/4/2026,devops,all,ml,23,233,9.9,23
6/4/2026,devops,entry,any_ai,0,1,0,0
6/4/2026,devops,entry,genai,0,1,0,0
6/4/2026,devops,entry,ml,0,1,0,0
6/4/2026,devops,mid,any_ai,44,136,32.4,33
6/4/2026,devops,mid,genai,41,136,30.1,30
6/4/2026,devops,mid,ml,11,136,8.1,11
6/4/2026,devops,senior,any_ai,27,96,28.1,27
6/4/2026,devops,senior,genai,18,96,18.8,18
6/4/2026,devops,senior,ml,12,96,12.5,12
6/4/2026,engineering,all,any_ai,279,1084,25.7,264
6/4/2026,engineering,all,genai,172,1084,15.9,159
6/4/2026,engineering,all,ml,176,1084,16.2,169
6/4/2026,engineering,entry,any_ai,5,18,27.8,4
6/4/2026,engineering,entry,genai,3,18,16.7,2
6/4/2026,engineering,entry,ml,2,18,11.1,2
6/4/2026,engineering,mid,any_ai,74,404,18.3,70
6/4/2026,engineering,mid,genai,48,404,11.9,46
6/4/2026,engineering,mid,ml,39,404,9.7,34
6/4/2026,engineering,senior,any_ai,200,662,30.2,190
6/4/2026,engineering,senior,genai,121,662,18.3,111
6/4/2026,engineering,senior,ml,135,662,20.4,133
6/4/2026,product,all,any_ai,95,341,27.9,91
6/4/2026,product,all,genai,70,341,20.5,65
6/4/2026,product,all,ml,47,341,13.8,46
6/4/2026,product,entry,any_ai,0,3,0,0
6/4/2026,product,entry,genai,0,3,0,0
6/4/2026,product,entry,ml,0,3,0,0
6/4/2026,product,mid,any_ai,30,105,28.6,27
6/4/2026,product,mid,genai,24,105,22.9,21
6/4/2026,product,mid,ml,10,105,9.5,10
6/4/2026,product,senior,any_ai,65,233,27.9,64
6/4/2026,product,senior,genai,46,233,19.7,44
6/4/2026,product,senior,ml,37,233,15.9,36
6/4/2026,security,all,any_ai,12,57,21.1,8
6/4/2026,security,all,genai,12,57,21.1,8
6/4/2026,security,all,ml,2,57,3.5,2
6/4/2026,security,entry,any_ai,0,3,0,0
6/4/2026,security,entry,genai,0,3,0,0
6/4/2026,security,entry,ml,0,3,0,0
6/4/2026,security,mid,any_ai,5,24,20.8,3
6/4/2026,security,mid,genai,5,24,20.8,3
6/4/2026,security,mid,ml,0,24,0,0
6/4/2026,security,senior,any_ai,7,30,23.3,5
6/4/2026,security,senior,genai,7,30,23.3,5
6/4/2026,security,senior,ml,2,30,6.7,2
6/11/2026,ai,all,any_ai,219,234,93.6,217
6/11/2026,ai,all,genai,177,234,75.6,170
6/11/2026,ai,all,ml,180,234,76.9,177
6/11/2026,ai,mid,any_ai,122,125,97.6,120
6/11/2026,ai,mid,genai,103,125,82.4,98
6/11/2026,ai,mid,ml,97,125,77.6,95
6/11/2026,ai,senior,any_ai,97,109,89,97
6/11/2026,ai,senior,genai,74,109,67.9,72
6/11/2026,ai,senior,ml,83,109,76.1,82
6/11/2026,data,all,any_ai,62,179,34.6,58
6/11/2026,data,all,genai,25,179,14,22
6/11/2026,data,all,ml,50,179,27.9,49
6/11/2026,data,entry,any_ai,0,1,0,0
6/11/2026,data,entry,genai,0,1,0,0
6/11/2026,data,entry,ml,0,1,0,0
6/11/2026,data,mid,any_ai,16,76,21.1,16
6/11/2026,data,mid,genai,8,76,10.5,8
6/11/2026,data,mid,ml,13,76,17.1,13
6/11/2026,data,senior,any_ai,46,102,45.1,42
6/11/2026,data,senior,genai,17,102,16.7,14
6/11/2026,data,senior,ml,37,102,36.3,36
6/11/2026,devops,all,any_ai,55,170,32.4,44
6/11/2026,devops,all,genai,43,170,25.3,32
6/11/2026,devops,all,ml,20,170,11.8,20
6/11/2026,devops,entry,any_ai,0,1,0,0
6/11/2026,devops,entry,genai,0,1,0,0
6/11/2026,devops,entry,ml,0,1,0,0
6/11/2026,devops,mid,any_ai,37,94,39.4,26
6/11/2026,devops,mid,genai,34,94,36.2,23
6/11/2026,devops,mid,ml,8,94,8.5,8
6/11/2026,devops,senior,any_ai,18,75,24,18
6/11/2026,devops,senior,genai,9,75,12,9
6/11/2026,devops,senior,ml,12,75,16,12
6/11/2026,engineering,all,any_ai,246,761,32.3,230
6/11/2026,engineering,all,genai,158,761,20.8,144
6/11/2026,engineering,all,ml,151,761,19.8,144
6/11/2026,engineering,entry,any_ai,3,13,23.1,2
6/11/2026,engineering,entry,genai,3,13,23.1,2
6/11/2026,engineering,entry,ml,0,13,0,0
6/11/2026,engineering,mid,any_ai,62,250,24.8,57
6/11/2026,engineering,mid,genai,48,250,19.2,45
6/11/2026,engineering,mid,ml,27,250,10.8,22
6/11/2026,engineering,senior,any_ai,181,498,36.3,171
6/11/2026,engineering,senior,genai,107,498,21.5,97
6/11/2026,engineering,senior,ml,124,498,24.9,122
6/11/2026,product,all,any_ai,85,304,28,81
6/11/2026,product,all,genai,63,304,20.7,58
6/11/2026,product,all,ml,43,304,14.1,42
6/11/2026,product,mid,any_ai,26,95,27.4,23
6/11/2026,product,mid,genai,23,95,24.2,20
6/11/2026,product,mid,ml,8,95,8.4,8
6/11/2026,product,senior,any_ai,59,209,28.2,58
6/11/2026,product,senior,genai,40,209,19.1,38
6/11/2026,product,senior,ml,35,209,16.7,34
6/11/2026,security,all,any_ai,11,58,19,7
6/11/2026,security,all,genai,11,58,19,7
6/11/2026,security,all,ml,1,58,1.7,1
6/11/2026,security,entry,any_ai,0,3,0,0
6/11/2026,security,entry,genai,0,3,0,0
6/11/2026,security,entry,ml,0,3,0,0
6/11/2026,security,mid,any_ai,4,25,16,2
6/11/2026,security,mid,genai,4,25,16,2
6/11/2026,security,mid,ml,0,25,0,0
6/11/2026,security,senior,any_ai,7,30,23.3,5
6/11/2026,security,senior,genai,7,30,23.3,5
6/11/2026,security,senior,ml,1,30,3.3,1
6/18/2026,ai,all,any_ai,219,234,93.6,217
6/18/2026,ai,all,genai,177,234,75.6,170
6/18/2026,ai,all,ml,180,234,76.9,177
6/18/2026,ai,mid,any_ai,122,125,97.6,120
6/18/2026,ai,mid,genai,103,125,82.4,98
6/18/2026,ai,mid,ml,97,125,77.6,95
6/18/2026,ai,senior,any_ai,97,109,89,97
6/18/2026,ai,senior,genai,74,109,67.9,72
6/18/2026,ai,senior,ml,83,109,76.1,82
6/18/2026,data,all,any_ai,62,179,34.6,58
6/18/2026,data,all,genai,25,179,14,22
6/18/2026,data,all,ml,50,179,27.9,49
6/18/2026,data,entry,any_ai,0,1,0,0
6/18/2026,data,entry,genai,0,1,0,0
6/18/2026,data,entry,ml,0,1,0,0
6/18/2026,data,mid,any_ai,16,76,21.1,16
6/18/2026,data,mid,genai,8,76,10.5,8
6/18/2026,data,mid,ml,13,76,17.1,13
6/18/2026,data,senior,any_ai,46,102,45.1,42
6/18/2026,data,senior,genai,17,102,16.7,14
6/18/2026,data,senior,ml,37,102,36.3,36
6/18/2026,devops,all,any_ai,55,170,32.4,44
6/18/2026,devops,all,genai,43,170,25.3,32
6/18/2026,devops,all,ml,20,170,11.8,20
6/18/2026,devops,entry,any_ai,0,1,0,0
6/18/2026,devops,entry,genai,0,1,0,0
6/18/2026,devops,entry,ml,0,1,0,0
6/18/2026,devops,mid,any_ai,37,94,39.4,26
6/18/2026,devops,mid,genai,34,94,36.2,23
6/18/2026,devops,mid,ml,8,94,8.5,8
6/18/2026,devops,senior,any_ai,18,75,24,18
6/18/2026,devops,senior,genai,9,75,12,9
6/18/2026,devops,senior,ml,12,75,16,12
6/18/2026,engineering,all,any_ai,246,761,32.3,230
6/18/2026,engineering,all,genai,158,761,20.8,144
6/18/2026,engineering,all,ml,151,761,19.8,144
6/18/2026,engineering,entry,any_ai,3,13,23.1,2
6/18/2026,engineering,entry,genai,3,13,23.1,2
6/18/2026,engineering,entry,ml,0,13,0,0
6/18/2026,engineering,mid,any_ai,62,250,24.8,57
6/18/2026,engineering,mid,genai,48,250,19.2,45
6/18/2026,engineering,mid,ml,27,250,10.8,22
6/18/2026,engineering,senior,any_ai,181,498,36.3,171
6/18/2026,engineering,senior,genai,107,498,21.5,97
6/18/2026,engineering,senior,ml,124,498,24.9,122
6/18/2026,product,all,any_ai,85,304,28,81
6/18/2026,product,all,genai,63,304,20.7,58
6/18/2026,product,all,ml,43,304,14.1,42
6/18/2026,product,mid,any_ai,26,95,27.4,23
6/18/2026,product,mid,genai,23,95,24.2,20
6/18/2026,product,mid,ml,8,95,8.4,8
6/18/2026,product,senior,any_ai,59,209,28.2,58
6/18/2026,product,senior,genai,40,209,19.1,38
6/18/2026,product,senior,ml,35,209,16.7,34
6/18/2026,security,all,any_ai,11,58,19,7
6/18/2026,security,all,genai,11,58,19,7
6/18/2026,security,all,ml,1,58,1.7,1
6/18/2026,security,entry,any_ai,0,3,0,0
6/18/2026,security,entry,genai,0,3,0,0
6/18/2026,security,entry,ml,0,3,0,0
6/18/2026,security,mid,any_ai,4,25,16,2
6/18/2026,security,mid,genai,4,25,16,2
6/18/2026,security,mid,ml,0,25,0,0
6/18/2026,security,senior,any_ai,7,30,23.3,5
6/18/2026,security,senior,genai,7,30,23.3,5
6/18/2026,security,senior,ml,1,30,3.3,1
6/25/2026,ai,all,any_ai,427,579,73.7,424
6/25/2026,ai,all,genai,276,579,47.7,268
6/25/2026,ai,all,ml,327,579,56.5,324
6/25/2026,ai,entry,any_ai,6,11,54.5,6
6/25/2026,ai,entry,genai,0,11,0,0
6/25/2026,ai,entry,ml,6,11,54.5,6
6/25/2026,ai,mid,any_ai,225,307,73.3,222
6/25/2026,ai,mid,genai,147,307,47.9,141
6/25/2026,ai,mid,ml,172,307,56,170
6/25/2026,ai,senior,any_ai,196,261,75.1,196
6/25/2026,ai,senior,genai,129,261,49.4,127
6/25/2026,ai,senior,ml,149,261,57.1,148
6/25/2026,data,all,any_ai,193,1102,17.5,189
6/25/2026,data,all,genai,60,1102,5.4,57
6/25/2026,data,all,ml,161,1102,14.6,160
6/25/2026,data,entry,any_ai,2,24,8.3,2
6/25/2026,data,entry,genai,1,24,4.2,1
6/25/2026,data,entry,ml,1,24,4.2,1
6/25/2026,data,mid,any_ai,82,625,13.1,82
6/25/2026,data,mid,genai,25,625,4,25
6/25/2026,data,mid,ml,68,625,10.9,68
6/25/2026,data,senior,any_ai,109,453,24.1,105
6/25/2026,data,senior,genai,34,453,7.5,31
6/25/2026,data,senior,ml,92,453,20.3,91
6/25/2026,devops,all,any_ai,82,592,13.9,69
6/25/2026,devops,all,genai,53,592,9,42
6/25/2026,devops,all,ml,42,592,7.1,40
6/25/2026,devops,entry,any_ai,0,5,0,0
6/25/2026,devops,entry,genai,0,5,0,0
6/25/2026,devops,entry,ml,0,5,0,0
6/25/2026,devops,mid,any_ai,42,341,12.3,29
6/25/2026,devops,mid,genai,35,341,10.3,24
6/25/2026,devops,mid,ml,12,341,3.5,10
6/25/2026,devops,senior,any_ai,40,246,16.3,40
6/25/2026,devops,senior,genai,18,246,7.3,18
6/25/2026,devops,senior,ml,30,246,12.2,30
6/25/2026,engineering,all,any_ai,335,1676,20,314
6/25/2026,engineering,all,genai,231,1676,13.8,211
6/25/2026,engineering,all,ml,185,1676,11,175
6/25/2026,engineering,entry,any_ai,3,32,9.4,2
6/25/2026,engineering,entry,genai,3,32,9.4,2
6/25/2026,engineering,entry,ml,0,32,0,0
6/25/2026,engineering,mid,any_ai,106,643,16.5,101
6/25/2026,engineering,mid,genai,82,643,12.8,79
6/25/2026,engineering,mid,ml,39,643,6.1,34
6/25/2026,engineering,senior,any_ai,226,1001,22.6,211
6/25/2026,engineering,senior,genai,146,1001,14.6,130
6/25/2026,engineering,senior,ml,146,1001,14.6,141
6/25/2026,product,all,any_ai,126,590,21.4,117
6/25/2026,product,all,genai,90,590,15.3,82
6/25/2026,product,all,ml,68,590,11.5,65
6/25/2026,product,entry,any_ai,0,7,0,0
6/25/2026,product,entry,genai,0,7,0,0
6/25/2026,product,entry,ml,0,7,0,0
6/25/2026,product,mid,any_ai,43,251,17.1,38
6/25/2026,product,mid,genai,32,251,12.7,29
6/25/2026,product,mid,ml,23,251,9.2,21
6/25/2026,product,senior,any_ai,83,332,25,79
6/25/2026,product,senior,genai,58,332,17.5,53
6/25/2026,product,senior,ml,45,332,13.6,44
6/25/2026,security,all,any_ai,14,258,5.4,9
6/25/2026,security,all,genai,13,258,5,8
6/25/2026,security,all,ml,2,258,0.8,2
6/25/2026,security,entry,any_ai,0,9,0,0
6/25/2026,security,entry,genai,0,9,0,0
6/25/2026,security,entry,ml,0,9,0,0
6/25/2026,security,mid,any_ai,5,161,3.1,3
6/25/2026,security,mid,genai,4,161,2.5,2
6/25/2026,security,mid,ml,1,161,0.6,1
6/25/2026,security,senior,any_ai,9,88,10.2,6
6/25/2026,security,senior,genai,9,88,10.2,6
6/25/2026,security,senior,ml,1,88,1.1,1
7/2/2026,ai,all,any_ai,321,390,82.3,317
7/2/2026,ai,all,genai,235,390,60.3,226
7/2/2026,ai,all,ml,254,390,65.1,250
7/2/2026,ai,entry,any_ai,2,4,50,2
7/2/2026,ai,entry,genai,0,4,0,0
7/2/2026,ai,entry,ml,2,4,50,2
7/2/2026,ai,mid,any_ai,178,205,86.8,175
7/2/2026,ai,mid,genai,130,205,63.4,124
7/2/2026,ai,mid,ml,135,205,65.9,133
7/2/2026,ai,senior,any_ai,141,181,77.9,140
7/2/2026,ai,senior,genai,105,181,58,102
7/2/2026,ai,senior,ml,117,181,64.6,115
7/2/2026,data,all,any_ai,175,786,22.3,171
7/2/2026,data,all,genai,70,786,8.9,67
7/2/2026,data,all,ml,154,786,19.6,153
7/2/2026,data,entry,any_ai,0,9,0,0
7/2/2026,data,entry,genai,0,9,0,0
7/2/2026,data,entry,ml,0,9,0,0
7/2/2026,data,mid,any_ai,92,461,20,92
7/2/2026,data,mid,genai,38,461,8.2,38
7/2/2026,data,mid,ml,85,461,18.4,85
7/2/2026,data,senior,any_ai,83,316,26.3,79
7/2/2026,data,senior,genai,32,316,10.1,29
7/2/2026,data,senior,ml,69,316,21.8,68
7/2/2026,devops,all,any_ai,68,390,17.4,55
7/2/2026,devops,all,genai,52,390,13.3,41
7/2/2026,devops,all,ml,23,390,5.9,21
7/2/2026,devops,entry,any_ai,0,10,0,0
7/2/2026,devops,entry,genai,0,10,0,0
7/2/2026,devops,entry,ml,0,10,0,0
7/2/2026,devops,mid,any_ai,42,236,17.8,29
7/2/2026,devops,mid,genai,36,236,15.3,25
7/2/2026,devops,mid,ml,10,236,4.2,8
7/2/2026,devops,senior,any_ai,26,144,18.1,26
7/2/2026,devops,senior,genai,16,144,11.1,16
7/2/2026,devops,senior,ml,13,144,9,13
7/2/2026,engineering,all,any_ai,340,1924,17.7,317
7/2/2026,engineering,all,genai,226,1924,11.7,205
7/2/2026,engineering,all,ml,205,1924,10.7,192
7/2/2026,engineering,entry,any_ai,4,45,8.9,3
7/2/2026,engineering,entry,genai,4,45,8.9,3
7/2/2026,engineering,entry,ml,0,45,0,0
7/2/2026,engineering,mid,any_ai,97,763,12.7,89
7/2/2026,engineering,mid,genai,72,763,9.4,69
7/2/2026,engineering,mid,ml,45,763,5.9,37
7/2/2026,engineering,senior,any_ai,239,1116,21.4,225
7/2/2026,engineering,senior,genai,150,1116,13.4,133
7/2/2026,engineering,senior,ml,160,1116,14.3,155
7/2/2026,product,all,any_ai,135,594,22.7,125
7/2/2026,product,all,genai,103,594,17.3,94
7/2/2026,product,all,ml,66,594,11.1,63
7/2/2026,product,entry,any_ai,0,3,0,0
7/2/2026,product,entry,genai,0,3,0,0
7/2/2026,product,entry,ml,0,3,0,0
7/2/2026,product,mid,any_ai,39,261,14.9,34
7/2/2026,product,mid,genai,34,261,13,31
7/2/2026,product,mid,ml,18,261,6.9,16
7/2/2026,product,senior,any_ai,96,330,29.1,91
7/2/2026,product,senior,genai,69,330,20.9,63
7/2/2026,product,senior,ml,48,330,14.5,47
7/2/2026,security,all,any_ai,14,96,14.6,9
7/2/2026,security,all,genai,14,96,14.6,9
7/2/2026,security,all,ml,3,96,3.1,2
7/2/2026,security,entry,any_ai,0,6,0,0
7/2/2026,security,entry,genai,0,6,0,0
7/2/2026,security,entry,ml,0,6,0,0
7/2/2026,security,mid,any_ai,4,41,9.8,2
7/2/2026,security,mid,genai,4,41,9.8,2
7/2/2026,security,mid,ml,0,41,0,0
7/2/2026,security,senior,any_ai,10,49,20.4,7
7/2/2026,security,senior,genai,10,49,20.4,7
7/2/2026,security,senior,ml,3,49,6.1,2
7/9/2026,ai,all,any_ai,362,553,65.5,357
7/9/2026,ai,all,genai,240,553,43.4,231
7/9/2026,ai,all,ml,287,553,51.9,282
7/9/2026,ai,entry,any_ai,0,5,0,0
7/9/2026,ai,entry,genai,0,5,0,0
7/9/2026,ai,entry,ml,0,5,0,0
7/9/2026,ai,mid,any_ai,194,283,68.6,190
7/9/2026,ai,mid,genai,128,283,45.2,122
7/9/2026,ai,mid,ml,154,283,54.4,151
7/9/2026,ai,senior,any_ai,168,265,63.4,167
7/9/2026,ai,senior,genai,112,265,42.3,109
7/9/2026,ai,senior,ml,133,265,50.2,131
7/9/2026,data,all,any_ai,176,1299,13.5,168
7/9/2026,data,all,genai,68,1299,5.2,66
7/9/2026,data,all,ml,152,1299,11.7,146
7/9/2026,data,entry,any_ai,5,77,6.5,5
7/9/2026,data,entry,genai,0,77,0,0
7/9/2026,data,entry,ml,5,77,6.5,5
7/9/2026,data,mid,any_ai,78,691,11.3,72
7/9/2026,data,mid,genai,35,691,5.1,35
7/9/2026,data,mid,ml,73,691,10.6,67
7/9/2026,data,senior,any_ai,93,531,17.5,91
7/9/2026,data,senior,genai,33,531,6.2,31
7/9/2026,data,senior,ml,74,531,13.9,74
7/9/2026,devops,all,any_ai,68,753,9,63
7/9/2026,devops,all,genai,48,753,6.4,44
7/9/2026,devops,all,ml,28,753,3.7,27
7/9/2026,devops,entry,any_ai,0,13,0,0
7/9/2026,devops,entry,genai,0,13,0,0
7/9/2026,devops,entry,ml,0,13,0,0
7/9/2026,devops,mid,any_ai,32,427,7.5,27
7/9/2026,devops,mid,genai,28,427,6.6,24
7/9/2026,devops,mid,ml,9,427,2.1,8
7/9/2026,devops,senior,any_ai,36,313,11.5,36
7/9/2026,devops,senior,genai,20,313,6.4,20
7/9/2026,devops,senior,ml,19,313,6.1,19
7/9/2026,engineering,all,any_ai,285,1879,15.2,264
7/9/2026,engineering,all,genai,192,1879,10.2,170
7/9/2026,engineering,all,ml,170,1879,9,160
7/9/2026,engineering,entry,any_ai,3,35,8.6,2
7/9/2026,engineering,entry,genai,3,35,8.6,2
7/9/2026,engineering,entry,ml,0,35,0,0
7/9/2026,engineering,mid,any_ai,79,669,11.8,73
7/9/2026,engineering,mid,genai,59,669,8.8,55
7/9/2026,engineering,mid,ml,35,669,5.2,30
7/9/2026,engineering,senior,any_ai,203,1175,17.3,189
7/9/2026,engineering,senior,genai,130,1175,11.1,113
7/9/2026,engineering,senior,ml,135,1175,11.5,130
7/9/2026,product,all,any_ai,122,447,27.3,110
7/9/2026,product,all,genai,92,447,20.6,81
7/9/2026,product,all,ml,61,447,13.6,58
7/9/2026,product,entry,any_ai,0,4,0,0
7/9/2026,product,entry,genai,0,4,0,0
7/9/2026,product,entry,ml,0,4,0,0
7/9/2026,product,mid,any_ai,32,162,19.8,27
7/9/2026,product,mid,genai,29,162,17.9,26
7/9/2026,product,mid,ml,14,162,8.6,12
7/9/2026,product,senior,any_ai,90,281,32,83
7/9/2026,product,senior,genai,63,281,22.4,55
7/9/2026,product,senior,ml,47,281,16.7,46
7/9/2026,security,all,any_ai,15,55,27.3,10
7/9/2026,security,all,genai,15,55,27.3,10
7/9/2026,security,all,ml,3,55,5.5,2
7/9/2026,security,entry,any_ai,0,3,0,0
7/9/2026,security,entry,genai,0,3,0,0
7/9/2026,security,entry,ml,0,3,0,0
7/9/2026,security,mid,any_ai,4,29,13.8,2
7/9/2026,security,mid,genai,4,29,13.8,2
7/9/2026,security,mid,ml,0,29,0,0
7/9/2026,security,senior,any_ai,11,23,47.8,8
7/9/2026,security,senior,genai,11,23,47.8,8
7/9/2026,security,senior,ml,3,23,13,2
7/10/2026,ai,all,any_ai,1008,2201,45.8,1003
7/10/2026,ai,all,genai,515,2201,23.4,507
7/10/2026,ai,all,ml,764,2201,34.7,757
7/10/2026,ai,entry,any_ai,16,80,20,16
7/10/2026,ai,entry,genai,4,80,5,4
7/10/2026,ai,entry,ml,15,80,18.8,15
7/10/2026,ai,mid,any_ai,495,1104,44.8,491
7/10/2026,ai,mid,genai,273,1104,24.7,268
7/10/2026,ai,mid,ml,349,1104,31.6,346
7/10/2026,ai,senior,any_ai,497,1017,48.9,496
7/10/2026,ai,senior,genai,238,1017,23.4,235
7/10/2026,ai,senior,ml,400,1017,39.3,396
7/10/2026,data,all,any_ai,501,5188,9.7,491
7/10/2026,data,all,genai,145,5188,2.8,142
7/10/2026,data,all,ml,427,5188,8.2,420
7/10/2026,data,entry,any_ai,29,289,10,29
7/10/2026,data,entry,genai,1,289,0.3,1
7/10/2026,data,entry,ml,28,289,9.7,28
7/10/2026,data,mid,any_ai,237,2985,7.9,233
7/10/2026,data,mid,genai,75,2985,2.5,74
7/10/2026,data,mid,ml,203,2985,6.8,200
7/10/2026,data,senior,any_ai,235,1914,12.3,229
7/10/2026,data,senior,genai,69,1914,3.6,67
7/10/2026,data,senior,ml,196,1914,10.2,192
7/10/2026,devops,all,any_ai,99,2767,3.6,93
7/10/2026,devops,all,genai,44,2767,1.6,40
7/10/2026,devops,all,ml,65,2767,2.3,63
7/10/2026,devops,entry,any_ai,0,45,0,0
7/10/2026,devops,entry,genai,0,45,0,0
7/10/2026,devops,entry,ml,0,45,0,0
7/10/2026,devops,mid,any_ai,47,1609,2.9,41
7/10/2026,devops,mid,genai,25,1609,1.6,21
7/10/2026,devops,mid,ml,26,1609,1.6,24
7/10/2026,devops,senior,any_ai,52,1113,4.7,52
7/10/2026,devops,senior,genai,19,1113,1.7,19
7/10/2026,devops,senior,ml,39,1113,3.5,39
7/10/2026,engineering,all,any_ai,776,7841,9.9,746
7/10/2026,engineering,all,genai,524,7841,6.7,495
7/10/2026,engineering,all,ml,399,7841,5.1,384
7/10/2026,engineering,entry,any_ai,5,207,2.4,4
7/10/2026,engineering,entry,genai,5,207,2.4,4
7/10/2026,engineering,entry,ml,0,207,0,0
7/10/2026,engineering,mid,any_ai,253,3130,8.1,244
7/10/2026,engineering,mid,genai,160,3130,5.1,155
7/10/2026,engineering,mid,ml,133,3130,4.2,124
7/10/2026,engineering,senior,any_ai,518,4504,11.5,498
7/10/2026,engineering,senior,genai,359,4504,8,336
7/10/2026,engineering,senior,ml,266,4504,5.9,260
7/10/2026,product,all,any_ai,182,1512,12,167
7/10/2026,product,all,genai,140,1512,9.3,125
7/10/2026,product,all,ml,77,1512,5.1,75
7/10/2026,product,entry,any_ai,0,20,0,0
7/10/2026,product,entry,genai,0,20,0,0
7/10/2026,product,entry,ml,0,20,0,0
7/10/2026,product,mid,any_ai,53,721,7.4,48
7/10/2026,product,mid,genai,42,721,5.8,38
7/10/2026,product,mid,ml,22,721,3.1,21
7/10/2026,product,senior,any_ai,129,771,16.7,119
7/10/2026,product,senior,genai,98,771,12.7,87
7/10/2026,product,senior,ml,55,771,7.1,54
7/10/2026,security,all,any_ai,44,1348,3.3,33
7/10/2026,security,all,genai,33,1348,2.4,23
7/10/2026,security,all,ml,18,1348,1.3,16
7/10/2026,security,entry,any_ai,0,86,0,0
7/10/2026,security,entry,genai,0,86,0,0
7/10/2026,security,entry,ml,0,86,0,0
7/10/2026,security,mid,any_ai,15,817,1.8,11
7/10/2026,security,mid,genai,10,817,1.2,6
7/10/2026,security,mid,ml,5,817,0.6,5
7/10/2026,security,senior,any_ai,29,445,6.5,22
7/10/2026,security,senior,genai,23,445,5.2,17
7/10/2026,security,senior,ml,13,445,2.9,11
7/11/2026,ai,all,any_ai,1035,2297,45.1,1030
7/11/2026,ai,all,genai,528,2297,23,520
7/11/2026,ai,all,ml,784,2297,34.1,777
7/11/2026,ai,entry,any_ai,17,82,20.7,17
7/11/2026,ai,entry,genai,4,82,4.9,4
7/11/2026,ai,entry,ml,16,82,19.5,16
7/11/2026,ai,mid,any_ai,513,1164,44.1,509
7/11/2026,ai,mid,genai,283,1164,24.3,278
7/11/2026,ai,mid,ml,361,1164,31,358
7/11/2026,ai,senior,any_ai,505,1051,48,504
7/11/2026,ai,senior,genai,241,1051,22.9,238
7/11/2026,ai,senior,ml,407,1051,38.7,403
7/11/2026,data,all,any_ai,517,5453,9.5,507
7/11/2026,data,all,genai,154,5453,2.8,151
7/11/2026,data,all,ml,442,5453,8.1,435
7/11/2026,data,entry,any_ai,29,302,9.6,29
7/11/2026,data,entry,genai,1,302,0.3,1
7/11/2026,data,entry,ml,28,302,9.3,28
7/11/2026,data,mid,any_ai,244,3141,7.8,240
7/11/2026,data,mid,genai,76,3141,2.4,75
7/11/2026,data,mid,ml,210,3141,6.7,207
7/11/2026,data,senior,any_ai,244,2010,12.1,238
7/11/2026,data,senior,genai,77,2010,3.8,75
7/11/2026,data,senior,ml,204,2010,10.1,200
7/11/2026,devops,all,any_ai,104,2922,3.6,98
7/11/2026,devops,all,genai,46,2922,1.6,42
7/11/2026,devops,all,ml,69,2922,2.4,67
7/11/2026,devops,entry,any_ai,0,45,0,0
7/11/2026,devops,entry,genai,0,45,0,0
7/11/2026,devops,entry,ml,0,45,0,0
7/11/2026,devops,mid,any_ai,49,1700,2.9,43
7/11/2026,devops,mid,genai,26,1700,1.5,22
7/11/2026,devops,mid,ml,27,1700,1.6,25
7/11/2026,devops,senior,any_ai,55,1177,4.7,55
7/11/2026,devops,senior,genai,20,1177,1.7,20
7/11/2026,devops,senior,ml,42,1177,3.6,42
7/11/2026,engineering,all,any_ai,827,8258,10,797
7/11/2026,engineering,all,genai,569,8258,6.9,540
7/11/2026,engineering,all,ml,410,8258,5,395
7/11/2026,engineering,entry,any_ai,6,217,2.8,5
7/11/2026,engineering,entry,genai,5,217,2.3,4
7/11/2026,engineering,entry,ml,1,217,0.5,1
7/11/2026,engineering,mid,any_ai,259,3270,7.9,250
7/11/2026,engineering,mid,genai,165,3270,5,160
7/11/2026,engineering,mid,ml,136,3270,4.2,127
7/11/2026,engineering,senior,any_ai,562,4771,11.8,542
7/11/2026,engineering,senior,genai,399,4771,8.4,376
7/11/2026,engineering,senior,ml,273,4771,5.7,267
7/11/2026,product,all,any_ai,186,1579,11.8,171
7/11/2026,product,all,genai,144,1579,9.1,129
7/11/2026,product,all,ml,79,1579,5,77
7/11/2026,product,entry,any_ai,0,20,0,0
7/11/2026,product,entry,genai,0,20,0,0
7/11/2026,product,entry,ml,0,20,0,0
7/11/2026,product,mid,any_ai,55,754,7.3,50
7/11/2026,product,mid,genai,44,754,5.8,40
7/11/2026,product,mid,ml,22,754,2.9,21
7/11/2026,product,senior,any_ai,131,805,16.3,121
7/11/2026,product,senior,genai,100,805,12.4,89
7/11/2026,product,senior,ml,57,805,7.1,56
7/11/2026,security,all,any_ai,49,1443,3.4,36
7/11/2026,security,all,genai,38,1443,2.6,26
7/11/2026,security,all,ml,19,1443,1.3,16
7/11/2026,security,entry,any_ai,0,88,0,0
7/11/2026,security,entry,genai,0,88,0,0
7/11/2026,security,entry,ml,0,88,0,0
7/11/2026,security,mid,any_ai,18,871,2.1,13
7/11/2026,security,mid,genai,13,871,1.5,8
7/11/2026,security,mid,ml,6,871,0.7,5
7/11/2026,security,senior,any_ai,31,484,6.4,23
7/11/2026,security,senior,genai,25,484,5.2,18
7/11/2026,security,senior,ml,13,484,2.7,11
7/12/2026,ai,all,any_ai,1069,2447,43.7,1064
7/12/2026,ai,all,genai,532,2447,21.7,524
7/12/2026,ai,all,ml,814,2447,33.3,807
7/12/2026,ai,entry,any_ai,19,84,22.6,19
7/12/2026,ai,entry,genai,4,84,4.8,4
7/12/2026,ai,entry,ml,18,84,21.4,18
7/12/2026,ai,mid,any_ai,520,1221,42.6,516
7/12/2026,ai,mid,genai,285,1221,23.3,280
7/12/2026,ai,mid,ml,366,1221,30,363
7/12/2026,ai,senior,any_ai,530,1142,46.4,529
7/12/2026,ai,senior,genai,243,1142,21.3,240
7/12/2026,ai,senior,ml,430,1142,37.7,426
7/12/2026,data,all,any_ai,531,5685,9.3,521
7/12/2026,data,all,genai,160,5685,2.8,157
7/12/2026,data,all,ml,453,5685,8,446
7/12/2026,data,entry,any_ai,29,313,9.3,29
7/12/2026,data,entry,genai,1,313,0.3,1
7/12/2026,data,entry,ml,28,313,8.9,28
7/12/2026,data,mid,any_ai,252,3258,7.7,248
7/12/2026,data,mid,genai,78,3258,2.4,77
7/12/2026,data,mid,ml,217,3258,6.7,214
7/12/2026,data,senior,any_ai,250,2114,11.8,244
7/12/2026,data,senior,genai,81,2114,3.8,79
7/12/2026,data,senior,ml,208,2114,9.8,204
7/12/2026,devops,all,any_ai,106,3069,3.5,100
7/12/2026,devops,all,genai,47,3069,1.5,43
7/12/2026,devops,all,ml,70,3069,2.3,68
7/12/2026,devops,entry,any_ai,0,47,0,0
7/12/2026,devops,entry,genai,0,47,0,0
7/12/2026,devops,entry,ml,0,47,0,0
7/12/2026,devops,mid,any_ai,50,1783,2.8,44
7/12/2026,devops,mid,genai,27,1783,1.5,23
7/12/2026,devops,mid,ml,27,1783,1.5,25
7/12/2026,devops,senior,any_ai,56,1239,4.5,56
7/12/2026,devops,senior,genai,20,1239,1.6,20
7/12/2026,devops,senior,ml,43,1239,3.5,43
7/12/2026,engineering,all,any_ai,839,8625,9.7,809
7/12/2026,engineering,all,genai,576,8625,6.7,547
7/12/2026,engineering,all,ml,417,8625,4.8,402
7/12/2026,engineering,entry,any_ai,6,221,2.7,5
7/12/2026,engineering,entry,genai,5,221,2.3,4
7/12/2026,engineering,entry,ml,1,221,0.5,1
7/12/2026,engineering,mid,any_ai,264,3388,7.8,255
7/12/2026,engineering,mid,genai,167,3388,4.9,162
7/12/2026,engineering,mid,ml,139,3388,4.1,130
7/12/2026,engineering,senior,any_ai,569,5016,11.3,549
7/12/2026,engineering,senior,genai,404,5016,8.1,381
7/12/2026,engineering,senior,ml,277,5016,5.5,271
7/12/2026,product,all,any_ai,189,1638,11.5,174
7/12/2026,product,all,genai,146,1638,8.9,131
7/12/2026,product,all,ml,80,1638,4.9,78
7/12/2026,product,entry,any_ai,0,22,0,0
7/12/2026,product,entry,genai,0,22,0,0
7/12/2026,product,entry,ml,0,22,0,0
7/12/2026,product,mid,any_ai,55,780,7.1,50
7/12/2026,product,mid,genai,44,780,5.6,40
7/12/2026,product,mid,ml,22,780,2.8,21
7/12/2026,product,senior,any_ai,134,836,16,124
7/12/2026,product,senior,genai,102,836,12.2,91
7/12/2026,product,senior,ml,58,836,6.9,57
7/12/2026,security,all,any_ai,50,1498,3.3,37
7/12/2026,security,all,genai,39,1498,2.6,27
7/12/2026,security,all,ml,19,1498,1.3,16
7/12/2026,security,entry,any_ai,0,89,0,0
7/12/2026,security,entry,genai,0,89,0,0
7/12/2026,security,entry,ml,0,89,0,0
7/12/2026,security,mid,any_ai,19,903,2.1,14
7/12/2026,security,mid,genai,14,903,1.6,9
7/12/2026,security,mid,ml,6,903,0.7,5
7/12/2026,security,senior,any_ai,31,506,6.1,23
7/12/2026,security,senior,genai,25,506,4.9,18
7/12/2026,security,senior,ml,13,506,2.6,11
7/13/2026,ai,all,any_ai,1126,2525,44.6,1121
7/13/2026,ai,all,genai,546,2525,21.6,538
7/13/2026,ai,all,ml,863,2525,34.2,856
7/13/2026,ai,entry,any_ai,19,84,22.6,19
7/13/2026,ai,entry,genai,4,84,4.8,4
7/13/2026,ai,entry,ml,18,84,21.4,18
7/13/2026,ai,mid,any_ai,532,1246,42.7,528
7/13/2026,ai,mid,genai,294,1246,23.6,289
7/13/2026,ai,mid,ml,373,1246,29.9,370
7/13/2026,ai,senior,any_ai,575,1195,48.1,574
7/13/2026,ai,senior,genai,248,1195,20.8,245
7/13/2026,ai,senior,ml,472,1195,39.5,468
7/13/2026,data,all,any_ai,540,5855,9.2,530
7/13/2026,data,all,genai,161,5855,2.7,158
7/13/2026,data,all,ml,462,5855,7.9,455
7/13/2026,data,entry,any_ai,29,322,9,29
7/13/2026,data,entry,genai,1,322,0.3,1
7/13/2026,data,entry,ml,28,322,8.7,28
7/13/2026,data,mid,any_ai,258,3360,7.7,254
7/13/2026,data,mid,genai,79,3360,2.4,78
7/13/2026,data,mid,ml,223,3360,6.6,220
7/13/2026,data,senior,any_ai,253,2173,11.6,247
7/13/2026,data,senior,genai,81,2173,3.7,79
7/13/2026,data,senior,ml,211,2173,9.7,207
7/13/2026,devops,all,any_ai,110,3193,3.4,104
7/13/2026,devops,all,genai,49,3193,1.5,45
7/13/2026,devops,all,ml,72,3193,2.3,70
7/13/2026,devops,entry,any_ai,0,48,0,0
7/13/2026,devops,entry,genai,0,48,0,0
7/13/2026,devops,entry,ml,0,48,0,0
7/13/2026,devops,mid,any_ai,54,1874,2.9,48
7/13/2026,devops,mid,genai,29,1874,1.5,25
7/13/2026,devops,mid,ml,29,1874,1.5,27
7/13/2026,devops,senior,any_ai,56,1271,4.4,56
7/13/2026,devops,senior,genai,20,1271,1.6,20
7/13/2026,devops,senior,ml,43,1271,3.4,43
7/13/2026,engineering,all,any_ai,853,8921,9.6,822
7/13/2026,engineering,all,genai,581,8921,6.5,551
7/13/2026,engineering,all,ml,426,8921,4.8,411
7/13/2026,engineering,entry,any_ai,6,233,2.6,5
7/13/2026,engineering,entry,genai,5,233,2.1,4
7/13/2026,engineering,entry,ml,1,233,0.4,1
7/13/2026,engineering,mid,any_ai,273,3480,7.8,263
7/13/2026,engineering,mid,genai,169,3480,4.9,163
7/13/2026,engineering,mid,ml,146,3480,4.2,137
7/13/2026,engineering,senior,any_ai,574,5208,11,554
7/13/2026,engineering,senior,genai,407,5208,7.8,384
7/13/2026,engineering,senior,ml,279,5208,5.4,273
7/13/2026,product,all,any_ai,191,1682,11.4,175
7/13/2026,product,all,genai,148,1682,8.8,132
7/13/2026,product,all,ml,80,1682,4.8,78
7/13/2026,product,entry,any_ai,0,22,0,0
7/13/2026,product,entry,genai,0,22,0,0
7/13/2026,product,entry,ml,0,22,0,0
7/13/2026,product,mid,any_ai,57,804,7.1,51
7/13/2026,product,mid,genai,46,804,5.7,41
7/13/2026,product,mid,ml,22,804,2.7,21
7/13/2026,product,senior,any_ai,134,856,15.7,124
7/13/2026,product,senior,genai,102,856,11.9,91
7/13/2026,product,senior,ml,58,856,6.8,57
7/13/2026,security,all,any_ai,51,1541,3.3,38
7/13/2026,security,all,genai,40,1541,2.6,28
7/13/2026,security,all,ml,19,1541,1.2,16
7/13/2026,security,entry,any_ai,0,89,0,0
7/13/2026,security,entry,genai,0,89,0,0
7/13/2026,security,entry,ml,0,89,0,0
7/13/2026,security,mid,any_ai,19,934,2,14
7/13/2026,security,mid,genai,14,934,1.5,9
7/13/2026,security,mid,ml,6,934,0.6,5
7/13/2026,security,senior,any_ai,32,518,6.2,24
7/13/2026,security,senior,genai,26,518,5,19
7/13/2026,security,senior,ml,13,518,2.5,11
7/14/2026,ai,all,any_ai,1180,2655,44.4,1175
7/14/2026,ai,all,genai,561,2655,21.1,553
7/14/2026,ai,all,ml,910,2655,34.3,903
7/14/2026,ai,entry,any_ai,19,88,21.6,19
7/14/2026,ai,entry,genai,4,88,4.5,4
7/14/2026,ai,entry,ml,18,88,20.5,18
7/14/2026,ai,mid,any_ai,551,1314,41.9,547
7/14/2026,ai,mid,genai,305,1314,23.2,300
7/14/2026,ai,mid,ml,386,1314,29.4,383
7/14/2026,ai,senior,any_ai,610,1253,48.7,609
7/14/2026,ai,senior,genai,252,1253,20.1,249
7/14/2026,ai,senior,ml,506,1253,40.4,502
7/14/2026,data,all,any_ai,573,6155,9.3,562
7/14/2026,data,all,genai,165,6155,2.7,162
7/14/2026,data,all,ml,490,6155,8,482
7/14/2026,data,entry,any_ai,30,343,8.7,30
7/14/2026,data,entry,genai,1,343,0.3,1
7/14/2026,data,entry,ml,29,343,8.5,29
7/14/2026,data,mid,any_ai,271,3537,7.7,266
7/14/2026,data,mid,genai,82,3537,2.3,81
7/14/2026,data,mid,ml,232,3537,6.6,228
7/14/2026,data,senior,any_ai,272,2275,12,266
7/14/2026,data,senior,genai,82,2275,3.6,80
7/14/2026,data,senior,ml,229,2275,10.1,225
7/14/2026,devops,all,any_ai,113,3338,3.4,107
7/14/2026,devops,all,genai,51,3338,1.5,47
7/14/2026,devops,all,ml,71,3338,2.1,69
7/14/2026,devops,entry,any_ai,0,49,0,0
7/14/2026,devops,entry,genai,0,49,0,0
7/14/2026,devops,entry,ml,0,49,0,0
7/14/2026,devops,mid,any_ai,56,1971,2.8,50
7/14/2026,devops,mid,genai,30,1971,1.5,26
7/14/2026,devops,mid,ml,30,1971,1.5,28
7/14/2026,devops,senior,any_ai,57,1318,4.3,57
7/14/2026,devops,senior,genai,21,1318,1.6,21
7/14/2026,devops,senior,ml,41,1318,3.1,41
7/14/2026,engineering,all,any_ai,877,9208,9.5,844
7/14/2026,engineering,all,genai,602,9208,6.5,571
7/14/2026,engineering,all,ml,404,9208,4.4,388
7/14/2026,engineering,entry,any_ai,6,241,2.5,5
7/14/2026,engineering,entry,genai,5,241,2.1,4
7/14/2026,engineering,entry,ml,1,241,0.4,1
7/14/2026,engineering,mid,any_ai,288,3623,7.9,277
7/14/2026,engineering,mid,genai,182,3623,5,176
7/14/2026,engineering,mid,ml,145,3623,4,135
7/14/2026,engineering,senior,any_ai,583,5344,10.9,562
7/14/2026,engineering,senior,genai,415,5344,7.8,391
7/14/2026,engineering,senior,ml,258,5344,4.8,252
7/14/2026,product,all,any_ai,195,1727,11.3,178
7/14/2026,product,all,genai,151,1727,8.7,134
7/14/2026,product,all,ml,73,1727,4.2,71
7/14/2026,product,entry,any_ai,0,22,0,0
7/14/2026,product,entry,genai,0,22,0,0
7/14/2026,product,entry,ml,0,22,0,0
7/14/2026,product,mid,any_ai,60,837,7.2,54
7/14/2026,product,mid,genai,48,837,5.7,43
7/14/2026,product,mid,ml,18,837,2.2,17
7/14/2026,product,senior,any_ai,135,868,15.6,124
7/14/2026,product,senior,genai,103,868,11.9,91
7/14/2026,product,senior,ml,55,868,6.3,54
7/14/2026,security,all,any_ai,52,1614,3.2,39
7/14/2026,security,all,genai,40,1614,2.5,28
7/14/2026,security,all,ml,20,1614,1.2,17
7/14/2026,security,entry,any_ai,0,91,0,0
7/14/2026,security,entry,genai,0,91,0,0
7/14/2026,security,entry,ml,0,91,0,0
7/14/2026,security,mid,any_ai,19,979,1.9,14
7/14/2026,security,mid,genai,14,979,1.4,9
7/14/2026,security,mid,ml,6,979,0.6,5
7/14/2026,security,senior,any_ai,33,544,6.1,25
7/14/2026,security,senior,genai,26,544,4.8,19
7/14/2026,security,senior,ml,14,544,2.6,12
7/15/2026,ai,all,any_ai,1228,2765,44.4,1223
7/15/2026,ai,all,genai,582,2765,21,574
7/15/2026,ai,all,ml,948,2765,34.3,941
7/15/2026,ai,entry,any_ai,19,92,20.7,19
7/15/2026,ai,entry,genai,4,92,4.3,4
7/15/2026,ai,entry,ml,18,92,19.6,18
7/15/2026,ai,mid,any_ai,581,1380,42.1,577
7/15/2026,ai,mid,genai,320,1380,23.2,315
7/15/2026,ai,mid,ml,408,1380,29.6,405
7/15/2026,ai,senior,any_ai,628,1293,48.6,627
7/15/2026,ai,senior,genai,258,1293,20,255
7/15/2026,ai,senior,ml,522,1293,40.4,518
7/15/2026,data,all,any_ai,608,6493,9.4,597
7/15/2026,data,all,genai,173,6493,2.7,170
7/15/2026,data,all,ml,523,6493,8.1,515
7/15/2026,data,entry,any_ai,30,349,8.6,30
7/15/2026,data,entry,genai,1,349,0.3,1
7/15/2026,data,entry,ml,29,349,8.3,29
7/15/2026,data,mid,any_ai,289,3746,7.7,284
7/15/2026,data,mid,genai,86,3746,2.3,85
7/15/2026,data,mid,ml,248,3746,6.6,244
7/15/2026,data,senior,any_ai,289,2398,12.1,283
7/15/2026,data,senior,genai,86,2398,3.6,84
7/15/2026,data,senior,ml,246,2398,10.3,242
7/15/2026,devops,all,any_ai,116,3530,3.3,110
7/15/2026,devops,all,genai,53,3530,1.5,49
7/15/2026,devops,all,ml,72,3530,2,70
7/15/2026,devops,entry,any_ai,0,56,0,0
7/15/2026,devops,entry,genai,0,56,0,0
7/15/2026,devops,entry,ml,0,56,0,0
7/15/2026,devops,mid,any_ai,57,2080,2.7,51
7/15/2026,devops,mid,genai,30,2080,1.4,26
7/15/2026,devops,mid,ml,31,2080,1.5,29
7/15/2026,devops,senior,any_ai,59,1394,4.2,59
7/15/2026,devops,senior,genai,23,1394,1.6,23
7/15/2026,devops,senior,ml,41,1394,2.9,41
7/15/2026,engineering,all,any_ai,904,9683,9.3,869
7/15/2026,engineering,all,genai,619,9683,6.4,588
7/15/2026,engineering,all,ml,413,9683,4.3,395
7/15/2026,engineering,entry,any_ai,5,246,2,4
7/15/2026,engineering,entry,genai,5,246,2,4
7/15/2026,engineering,entry,ml,0,246,0,0
7/15/2026,engineering,mid,any_ai,298,3851,7.7,287
7/15/2026,engineering,mid,genai,189,3851,4.9,183
7/15/2026,engineering,mid,ml,148,3851,3.8,138
7/15/2026,engineering,senior,any_ai,601,5586,10.8,578
7/15/2026,engineering,senior,genai,425,5586,7.6,401
7/15/2026,engineering,senior,ml,265,5586,4.7,257
7/15/2026,product,all,any_ai,201,1799,11.2,182
7/15/2026,product,all,genai,156,1799,8.7,137
7/15/2026,product,all,ml,74,1799,4.1,72
7/15/2026,product,entry,any_ai,0,22,0,0
7/15/2026,product,entry,genai,0,22,0,0
7/15/2026,product,entry,ml,0,22,0,0
7/15/2026,product,mid,any_ai,64,865,7.4,57
7/15/2026,product,mid,genai,51,865,5.9,45
7/15/2026,product,mid,ml,19,865,2.2,18
7/15/2026,product,senior,any_ai,137,912,15,125
7/15/2026,product,senior,genai,105,912,11.5,92
7/15/2026,product,senior,ml,55,912,6,54
7/15/2026,security,all,any_ai,53,1688,3.1,40
7/15/2026,security,all,genai,40,1688,2.4,28
7/15/2026,security,all,ml,21,1688,1.2,18
7/15/2026,security,entry,any_ai,0,92,0,0
7/15/2026,security,entry,genai,0,92,0,0
7/15/2026,security,entry,ml,0,92,0,0
7/15/2026,security,mid,any_ai,19,1024,1.9,14
7/15/2026,security,mid,genai,14,1024,1.4,9
7/15/2026,security,mid,ml,6,1024,0.6,5
7/15/2026,security,senior,any_ai,34,572,5.9,26
7/15/2026,security,senior,genai,26,572,4.5,19
7/15/2026,security,senior,ml,15,572,2.6,13
7/16/2026,ai,all,any_ai,1226,2838,43.2,1221
7/16/2026,ai,all,genai,576,2838,20.3,568
7/16/2026,ai,all,ml,950,2838,33.5,943
7/16/2026,ai,entry,any_ai,19,93,20.4,19
7/16/2026,ai,entry,genai,4,93,4.3,4
7/16/2026,ai,entry,ml,18,93,19.4,18
7/16/2026,ai,mid,any_ai,586,1432,40.9,582
7/16/2026,ai,mid,genai,317,1432,22.1,312
7/16/2026,ai,mid,ml,413,1432,28.8,410
7/16/2026,ai,senior,any_ai,621,1313,47.3,620
7/16/2026,ai,senior,genai,255,1313,19.4,252
7/16/2026,ai,senior,ml,519,1313,39.5,515
7/16/2026,data,all,any_ai,599,6568,9.1,588
7/16/2026,data,all,genai,171,6568,2.6,168
7/16/2026,data,all,ml,518,6568,7.9,510
7/16/2026,data,entry,any_ai,28,344,8.1,28
7/16/2026,data,entry,genai,0,344,0,0
7/16/2026,data,entry,ml,28,344,8.1,28
7/16/2026,data,mid,any_ai,281,3810,7.4,276
7/16/2026,data,mid,genai,84,3810,2.2,83
7/16/2026,data,mid,ml,243,3810,6.4,239
7/16/2026,data,senior,any_ai,290,2414,12,284
7/16/2026,data,senior,genai,87,2414,3.6,85
7/16/2026,data,senior,ml,247,2414,10.2,243
7/16/2026,devops,all,any_ai,118,3562,3.3,112
7/16/2026,devops,all,genai,55,3562,1.5,51
7/16/2026,devops,all,ml,73,3562,2,71
7/16/2026,devops,entry,any_ai,0,60,0,0
7/16/2026,devops,entry,genai,0,60,0,0
7/16/2026,devops,entry,ml,0,60,0,0
7/16/2026,devops,mid,any_ai,58,2101,2.8,52
7/16/2026,devops,mid,genai,31,2101,1.5,27
7/16/2026,devops,mid,ml,31,2101,1.5,29
7/16/2026,devops,senior,any_ai,60,1401,4.3,60
7/16/2026,devops,senior,genai,24,1401,1.7,24
7/16/2026,devops,senior,ml,42,1401,3,42
7/16/2026,engineering,all,any_ai,949,9828,9.7,913
7/16/2026,engineering,all,genai,650,9828,6.6,619
7/16/2026,engineering,all,ml,430,9828,4.4,412
7/16/2026,engineering,entry,any_ai,6,254,2.4,5
7/16/2026,engineering,entry,genai,5,254,2,4
7/16/2026,engineering,entry,ml,1,254,0.4,1
7/16/2026,engineering,mid,any_ai,305,3909,7.8,294
7/16/2026,engineering,mid,genai,189,3909,4.8,183
7/16/2026,engineering,mid,ml,155,3909,4,145
7/16/2026,engineering,senior,any_ai,638,5665,11.3,614
7/16/2026,engineering,senior,genai,456,5665,8,432
7/16/2026,engineering,senior,ml,274,5665,4.8,266
7/16/2026,product,all,any_ai,200,1771,11.3,181
7/16/2026,product,all,genai,158,1771,8.9,139
7/16/2026,product,all,ml,71,1771,4,69
7/16/2026,product,entry,any_ai,0,24,0,0
7/16/2026,product,entry,genai,0,24,0,0
7/16/2026,product,entry,ml,0,24,0,0
7/16/2026,product,mid,any_ai,62,817,7.6,55
7/16/2026,product,mid,genai,52,817,6.4,46
7/16/2026,product,mid,ml,16,817,2,15
7/16/2026,product,senior,any_ai,138,930,14.8,126
7/16/2026,product,senior,genai,106,930,11.4,93
7/16/2026,product,senior,ml,55,930,5.9,54
7/16/2026,security,all,any_ai,52,1686,3.1,39
7/16/2026,security,all,genai,40,1686,2.4,28
7/16/2026,security,all,ml,20,1686,1.2,17
7/16/2026,security,entry,any_ai,0,91,0,0
7/16/2026,security,entry,genai,0,91,0,0
7/16/2026,security,entry,ml,0,91,0,0
7/16/2026,security,mid,any_ai,19,1007,1.9,14
7/16/2026,security,mid,genai,15,1007,1.5,10
7/16/2026,security,mid,ml,5,1007,0.5,4
7/16/2026,security,senior,any_ai,33,588,5.6,25
7/16/2026,security,senior,genai,25,588,4.3,18
7/16/2026,security,senior,ml,15,588,2.6,13
7/17/2026,ai,all,any_ai,1221,2875,42.5,1216
7/17/2026,ai,all,genai,572,2875,19.9,563
7/17/2026,ai,all,ml,957,2875,33.3,950
7/17/2026,ai,entry,any_ai,23,96,24,23
7/17/2026,ai,entry,genai,4,96,4.2,4
7/17/2026,ai,entry,ml,22,96,22.9,22
7/17/2026,ai,mid,any_ai,587,1433,41,583
7/17/2026,ai,mid,genai,318,1433,22.2,312
7/17/2026,ai,mid,ml,417,1433,29.1,414
7/17/2026,ai,senior,any_ai,611,1346,45.4,610
7/17/2026,ai,senior,genai,250,1346,18.6,247
7/17/2026,ai,senior,ml,518,1346,38.5,514
7/17/2026,data,all,any_ai,581,6500,8.9,570
7/17/2026,data,all,genai,170,6500,2.6,167
7/17/2026,data,all,ml,504,6500,7.8,496
7/17/2026,data,entry,any_ai,28,350,8,28
7/17/2026,data,entry,genai,0,350,0,0
7/17/2026,data,entry,ml,28,350,8,28
7/17/2026,data,mid,any_ai,276,3740,7.4,271
7/17/2026,data,mid,genai,82,3740,2.2,81
7/17/2026,data,mid,ml,240,3740,6.4,236
7/17/2026,data,senior,any_ai,277,2410,11.5,271
7/17/2026,data,senior,genai,88,2410,3.7,86
7/17/2026,data,senior,ml,236,2410,9.8,232
7/17/2026,devops,all,any_ai,122,3610,3.4,116
7/17/2026,devops,all,genai,59,3610,1.6,55
7/17/2026,devops,all,ml,73,3610,2,71
7/17/2026,devops,entry,any_ai,0,60,0,0
7/17/2026,devops,entry,genai,0,60,0,0
7/17/2026,devops,entry,ml,0,60,0,0
7/17/2026,devops,mid,any_ai,59,2114,2.8,53
7/17/2026,devops,mid,genai,33,2114,1.6,29
7/17/2026,devops,mid,ml,31,2114,1.5,29
7/17/2026,devops,senior,any_ai,63,1436,4.4,63
7/17/2026,devops,senior,genai,26,1436,1.8,26
7/17/2026,devops,senior,ml,42,1436,2.9,42
7/17/2026,engineering,all,any_ai,958,9882,9.7,921
7/17/2026,engineering,all,genai,653,9882,6.6,620
7/17/2026,engineering,all,ml,437,9882,4.4,419
7/17/2026,engineering,entry,any_ai,6,254,2.4,5
7/17/2026,engineering,entry,genai,5,254,2,4
7/17/2026,engineering,entry,ml,1,254,0.4,1
7/17/2026,engineering,mid,any_ai,305,3895,7.8,293
7/17/2026,engineering,mid,genai,187,3895,4.8,180
7/17/2026,engineering,mid,ml,157,3895,4,147
7/17/2026,engineering,senior,any_ai,647,5733,11.3,623
7/17/2026,engineering,senior,genai,461,5733,8,436
7/17/2026,engineering,senior,ml,279,5733,4.9,271
7/17/2026,product,all,any_ai,203,1779,11.4,184
7/17/2026,product,all,genai,158,1779,8.9,139
7/17/2026,product,all,ml,74,1779,4.2,72
7/17/2026,product,entry,any_ai,1,28,3.6,1
7/17/2026,product,entry,genai,0,28,0,0
7/17/2026,product,entry,ml,1,28,3.6,1
7/17/2026,product,mid,any_ai,64,816,7.8,57
7/17/2026,product,mid,genai,53,816,6.5,47
7/17/2026,product,mid,ml,17,816,2.1,16
7/17/2026,product,senior,any_ai,138,935,14.8,126
7/17/2026,product,senior,genai,105,935,11.2,92
7/17/2026,product,senior,ml,56,935,6,55
7/17/2026,security,all,any_ai,55,1721,3.2,42
7/17/2026,security,all,genai,42,1721,2.4,30
7/17/2026,security,all,ml,21,1721,1.2,18
7/17/2026,security,entry,any_ai,0,90,0,0
7/17/2026,security,entry,genai,0,90,0,0
7/17/2026,security,entry,ml,0,90,0,0
7/17/2026,security,mid,any_ai,19,1018,1.9,14
7/17/2026,security,mid,genai,15,1018,1.5,10
7/17/2026,security,mid,ml,5,1018,0.5,4
7/17/2026,security,senior,any_ai,36,613,5.9,28
7/17/2026,security,senior,genai,27,613,4.4,20
7/17/2026,security,senior,ml,16,613,2.6,14
7/18/2026,ai,all,any_ai,1208,2874,42,1203
7/18/2026,ai,all,genai,559,2874,19.5,550
7/18/2026,ai,all,ml,958,2874,33.3,951
7/18/2026,ai,entry,any_ai,20,93,21.5,20
7/18/2026,ai,entry,genai,4,93,4.3,4
7/18/2026,ai,entry,ml,19,93,20.4,19
7/18/2026,ai,mid,any_ai,582,1437,40.5,578
7/18/2026,ai,mid,genai,314,1437,21.9,308
7/18/2026,ai,mid,ml,418,1437,29.1,415
7/18/2026,ai,senior,any_ai,606,1344,45.1,605
7/18/2026,ai,senior,genai,241,1344,17.9,238
7/18/2026,ai,senior,ml,521,1344,38.8,517
7/18/2026,data,all,any_ai,571,6519,8.8,560
7/18/2026,data,all,genai,170,6519,2.6,167
7/18/2026,data,all,ml,495,6519,7.6,487
7/18/2026,data,entry,any_ai,25,349,7.2,25
7/18/2026,data,entry,genai,0,349,0,0
7/18/2026,data,entry,ml,25,349,7.2,25
7/18/2026,data,mid,any_ai,282,3767,7.5,277
7/18/2026,data,mid,genai,84,3767,2.2,83
7/18/2026,data,mid,ml,245,3767,6.5,241
7/18/2026,data,senior,any_ai,264,2403,11,258
7/18/2026,data,senior,genai,86,2403,3.6,84
7/18/2026,data,senior,ml,225,2403,9.4,221
7/18/2026,devops,all,any_ai,133,3623,3.7,127
7/18/2026,devops,all,genai,59,3623,1.6,55
7/18/2026,devops,all,ml,84,3623,2.3,82
7/18/2026,devops,entry,any_ai,0,58,0,0
7/18/2026,devops,entry,genai,0,58,0,0
7/18/2026,devops,entry,ml,0,58,0,0
7/18/2026,devops,mid,any_ai,66,2117,3.1,60
7/18/2026,devops,mid,genai,33,2117,1.6,29
7/18/2026,devops,mid,ml,38,2117,1.8,36
7/18/2026,devops,senior,any_ai,67,1448,4.6,67
7/18/2026,devops,senior,genai,26,1448,1.8,26
7/18/2026,devops,senior,ml,46,1448,3.2,46
7/18/2026,engineering,all,any_ai,960,9940,9.7,923
7/18/2026,engineering,all,genai,651,9940,6.5,618
7/18/2026,engineering,all,ml,440,9940,4.4,422
7/18/2026,engineering,entry,any_ai,6,211,2.8,5
7/18/2026,engineering,entry,genai,5,211,2.4,4
7/18/2026,engineering,entry,ml,1,211,0.5,1
7/18/2026,engineering,mid,any_ai,309,3955,7.8,297
7/18/2026,engineering,mid,genai,188,3955,4.8,181
7/18/2026,engineering,mid,ml,160,3955,4,150
7/18/2026,engineering,senior,any_ai,645,5774,11.2,621
7/18/2026,engineering,senior,genai,458,5774,7.9,433
7/18/2026,engineering,senior,ml,279,5774,4.8,271
7/18/2026,product,all,any_ai,202,1806,11.2,183
7/18/2026,product,all,genai,158,1806,8.7,139
7/18/2026,product,all,ml,73,1806,4,71
7/18/2026,product,entry,any_ai,1,28,3.6,1
7/18/2026,product,entry,genai,0,28,0,0
7/18/2026,product,entry,ml,1,28,3.6,1
7/18/2026,product,mid,any_ai,63,817,7.7,56
7/18/2026,product,mid,genai,53,817,6.5,47
7/18/2026,product,mid,ml,16,817,2,15
7/18/2026,product,senior,any_ai,138,961,14.4,126
7/18/2026,product,senior,genai,105,961,10.9,92
7/18/2026,product,senior,ml,56,961,5.8,55
7/18/2026,security,all,any_ai,56,1713,3.3,43
7/18/2026,security,all,genai,43,1713,2.5,31
7/18/2026,security,all,ml,21,1713,1.2,18
7/18/2026,security,entry,any_ai,0,90,0,0
7/18/2026,security,entry,genai,0,90,0,0
7/18/2026,security,entry,ml,0,90,0,0
7/18/2026,security,mid,any_ai,19,1006,1.9,14
7/18/2026,security,mid,genai,15,1006,1.5,10
7/18/2026,security,mid,ml,5,1006,0.5,4
7/18/2026,security,senior,any_ai,37,617,6,29
7/18/2026,security,senior,genai,28,617,4.5,21
7/18/2026,security,senior,ml,16,617,2.6,14
7/19/2026,ai,all,any_ai,1263,2987,42.3,1258
7/19/2026,ai,all,genai,572,2987,19.1,563
7/19/2026,ai,all,ml,1005,2987,33.6,998
7/19/2026,ai,entry,any_ai,46,131,35.1,46
7/19/2026,ai,entry,genai,5,131,3.8,5
7/19/2026,ai,entry,ml,44,131,33.6,44
7/19/2026,ai,mid,any_ai,599,1478,40.5,595
7/19/2026,ai,mid,genai,321,1478,21.7,315
7/19/2026,ai,mid,ml,431,1478,29.2,428
7/19/2026,ai,senior,any_ai,618,1378,44.8,617
7/19/2026,ai,senior,genai,246,1378,17.9,243
7/19/2026,ai,senior,ml,530,1378,38.5,526
7/19/2026,data,all,any_ai,584,6738,8.7,572
7/19/2026,data,all,genai,174,6738,2.6,170
7/19/2026,data,all,ml,504,6738,7.5,496
7/19/2026,data,entry,any_ai,25,361,6.9,25
7/19/2026,data,entry,genai,0,361,0,0
7/19/2026,data,entry,ml,25,361,6.9,25
7/19/2026,data,mid,any_ai,289,3895,7.4,283
7/19/2026,data,mid,genai,86,3895,2.2,84
7/19/2026,data,mid,ml,250,3895,6.4,246
7/19/2026,data,senior,any_ai,270,2482,10.9,264
7/19/2026,data,senior,genai,88,2482,3.5,86
7/19/2026,data,senior,ml,229,2482,9.2,225
7/19/2026,devops,all,any_ai,136,3743,3.6,130
7/19/2026,devops,all,genai,59,3743,1.6,55
7/19/2026,devops,all,ml,87,3743,2.3,85
7/19/2026,devops,entry,any_ai,0,61,0,0
7/19/2026,devops,entry,genai,0,61,0,0
7/19/2026,devops,entry,ml,0,61,0,0
7/19/2026,devops,mid,any_ai,66,2188,3,60
7/19/2026,devops,mid,genai,33,2188,1.5,29
7/19/2026,devops,mid,ml,38,2188,1.7,36
7/19/2026,devops,senior,any_ai,70,1494,4.7,70
7/19/2026,devops,senior,genai,26,1494,1.7,26
7/19/2026,devops,senior,ml,49,1494,3.3,49
7/19/2026,engineering,all,any_ai,996,10237,9.7,958
7/19/2026,engineering,all,genai,682,10237,6.7,649
7/19/2026,engineering,all,ml,446,10237,4.4,427
7/19/2026,engineering,entry,any_ai,6,218,2.8,5
7/19/2026,engineering,entry,genai,5,218,2.3,4
7/19/2026,engineering,entry,ml,1,218,0.5,1
7/19/2026,engineering,mid,any_ai,313,4064,7.7,301
7/19/2026,engineering,mid,genai,191,4064,4.7,184
7/19/2026,engineering,mid,ml,162,4064,4,152
7/19/2026,engineering,senior,any_ai,677,5955,11.4,652
7/19/2026,engineering,senior,genai,486,5955,8.2,461
7/19/2026,engineering,senior,ml,283,5955,4.8,274
7/19/2026,product,all,any_ai,203,1859,10.9,184
7/19/2026,product,all,genai,159,1859,8.6,140
7/19/2026,product,all,ml,73,1859,3.9,71
7/19/2026,product,entry,any_ai,1,29,3.4,1
7/19/2026,product,entry,genai,0,29,0,0
7/19/2026,product,entry,ml,1,29,3.4,1
7/19/2026,product,mid,any_ai,63,840,7.5,56
7/19/2026,product,mid,genai,53,840,6.3,47
7/19/2026,product,mid,ml,16,840,1.9,15
7/19/2026,product,senior,any_ai,139,990,14,127
7/19/2026,product,senior,genai,106,990,10.7,93
7/19/2026,product,senior,ml,56,990,5.7,55
7/19/2026,security,all,any_ai,56,1766,3.2,43
7/19/2026,security,all,genai,43,1766,2.4,31
7/19/2026,security,all,ml,21,1766,1.2,18
7/19/2026,security,entry,any_ai,0,92,0,0
7/19/2026,security,entry,genai,0,92,0,0
7/19/2026,security,entry,ml,0,92,0,0
7/19/2026,security,mid,any_ai,19,1030,1.8,14
7/19/2026,security,mid,genai,15,1030,1.5,10
7/19/2026,security,mid,ml,5,1030,0.5,4
7/19/2026,security,senior,any_ai,37,644,5.7,29
7/19/2026,security,senior,genai,28,644,4.3,21
7/19/2026,security,senior,ml,16,644,2.5,14
7/20/2026,ai,all,any_ai,1317,3076,42.8,1312
7/20/2026,ai,all,genai,597,3076,19.4,588
7/20/2026,ai,all,ml,1050,3076,34.1,1043
7/20/2026,ai,entry,any_ai,46,133,34.6,46
7/20/2026,ai,entry,genai,5,133,3.8,5
7/20/2026,ai,entry,ml,44,133,33.1,44
7/20/2026,ai,mid,any_ai,605,1505,40.2,601
7/20/2026,ai,mid,genai,323,1505,21.5,317
7/20/2026,ai,mid,ml,434,1505,28.8,431
7/20/2026,ai,senior,any_ai,666,1438,46.3,665
7/20/2026,ai,senior,genai,269,1438,18.7,266
7/20/2026,ai,senior,ml,572,1438,39.8,568
7/20/2026,data,all,any_ai,594,6892,8.6,582
7/20/2026,data,all,genai,176,6892,2.6,172
7/20/2026,data,all,ml,513,6892,7.4,505
7/20/2026,data,entry,any_ai,25,364,6.9,25
7/20/2026,data,entry,genai,0,364,0,0
7/20/2026,data,entry,ml,25,364,6.9,25
7/20/2026,data,mid,any_ai,293,3995,7.3,287
7/20/2026,data,mid,genai,86,3995,2.2,84
7/20/2026,data,mid,ml,254,3995,6.4,250
7/20/2026,data,senior,any_ai,276,2533,10.9,270
7/20/2026,data,senior,genai,90,2533,3.6,88
7/20/2026,data,senior,ml,234,2533,9.2,230
7/20/2026,devops,all,any_ai,138,3880,3.6,132
7/20/2026,devops,all,genai,60,3880,1.5,56
7/20/2026,devops,all,ml,88,3880,2.3,86
7/20/2026,devops,entry,any_ai,0,64,0,0
7/20/2026,devops,entry,genai,0,64,0,0
7/20/2026,devops,entry,ml,0,64,0,0
7/20/2026,devops,mid,any_ai,66,2235,3,60
7/20/2026,devops,mid,genai,33,2235,1.5,29
7/20/2026,devops,mid,ml,38,2235,1.7,36
7/20/2026,devops,senior,any_ai,72,1581,4.6,72
7/20/2026,devops,senior,genai,27,1581,1.7,27
7/20/2026,devops,senior,ml,50,1581,3.2,50
7/20/2026,engineering,all,any_ai,1001,10483,9.5,963
7/20/2026,engineering,all,genai,686,10483,6.5,653
7/20/2026,engineering,all,ml,449,10483,4.3,430
7/20/2026,engineering,entry,any_ai,6,221,2.7,5
7/20/2026,engineering,entry,genai,5,221,2.3,4
7/20/2026,engineering,entry,ml,1,221,0.5,1
7/20/2026,engineering,mid,any_ai,314,4196,7.5,302
7/20/2026,engineering,mid,genai,193,4196,4.6,186
7/20/2026,engineering,mid,ml,163,4196,3.9,153
7/20/2026,engineering,senior,any_ai,681,6066,11.2,656
7/20/2026,engineering,senior,genai,488,6066,8,463
7/20/2026,engineering,senior,ml,285,6066,4.7,276
7/20/2026,product,all,any_ai,208,1921,10.8,189
7/20/2026,product,all,genai,164,1921,8.5,145
7/20/2026,product,all,ml,73,1921,3.8,71
7/20/2026,product,entry,any_ai,1,30,3.3,1
7/20/2026,product,entry,genai,0,30,0,0
7/20/2026,product,entry,ml,1,30,3.3,1
7/20/2026,product,mid,any_ai,66,872,7.6,59
7/20/2026,product,mid,genai,56,872,6.4,50
7/20/2026,product,mid,ml,16,872,1.8,15
7/20/2026,product,senior,any_ai,141,1019,13.8,129
7/20/2026,product,senior,genai,108,1019,10.6,95
7/20/2026,product,senior,ml,56,1019,5.5,55
7/20/2026,security,all,any_ai,56,1823,3.1,43
7/20/2026,security,all,genai,43,1823,2.4,31
7/20/2026,security,all,ml,21,1823,1.2,18
7/20/2026,security,entry,any_ai,0,95,0,0
7/20/2026,security,entry,genai,0,95,0,0
7/20/2026,security,entry,ml,0,95,0,0
7/20/2026,security,mid,any_ai,19,1062,1.8,14
7/20/2026,security,mid,genai,15,1062,1.4,10
7/20/2026,security,mid,ml,5,1062,0.5,4
7/20/2026,security,senior,any_ai,37,666,5.6,29
7/20/2026,security,senior,genai,28,666,4.2,21
7/20/2026,security,senior,ml,16,666,2.4,14
7/21/2026,ai,all,any_ai,1386,3213,43.1,1381
7/21/2026,ai,all,genai,620,3213,19.3,611
7/21/2026,ai,all,ml,1101,3213,34.3,1094
7/21/2026,ai,entry,any_ai,48,136,35.3,48
7/21/2026,ai,entry,genai,6,136,4.4,6
7/21/2026,ai,entry,ml,45,136,33.1,45
7/21/2026,ai,mid,any_ai,631,1575,40.1,627
7/21/2026,ai,mid,genai,333,1575,21.1,327
7/21/2026,ai,mid,ml,452,1575,28.7,449
7/21/2026,ai,senior,any_ai,707,1502,47.1,706
7/21/2026,ai,senior,genai,281,1502,18.7,278
7/21/2026,ai,senior,ml,604,1502,40.2,600
7/21/2026,data,all,any_ai,625,7177,8.7,613
7/21/2026,data,all,genai,181,7177,2.5,177
7/21/2026,data,all,ml,540,7177,7.5,532
7/21/2026,data,entry,any_ai,26,371,7,26
7/21/2026,data,entry,genai,0,371,0,0
7/21/2026,data,entry,ml,26,371,7,26
7/21/2026,data,mid,any_ai,302,4139,7.3,296
7/21/2026,data,mid,genai,89,4139,2.2,87
7/21/2026,data,mid,ml,260,4139,6.3,256
7/21/2026,data,senior,any_ai,297,2667,11.1,291
7/21/2026,data,senior,genai,92,2667,3.4,90
7/21/2026,data,senior,ml,254,2667,9.5,250
7/21/2026,devops,all,any_ai,146,4010,3.6,139
7/21/2026,devops,all,genai,62,4010,1.5,57
7/21/2026,devops,all,ml,94,4010,2.3,92
7/21/2026,devops,entry,any_ai,0,65,0,0
7/21/2026,devops,entry,genai,0,65,0,0
7/21/2026,devops,entry,ml,0,65,0,0
7/21/2026,devops,mid,any_ai,72,2308,3.1,65
7/21/2026,devops,mid,genai,35,2308,1.5,30
7/21/2026,devops,mid,ml,42,2308,1.8,40
7/21/2026,devops,senior,any_ai,74,1637,4.5,74
7/21/2026,devops,senior,genai,27,1637,1.6,27
7/21/2026,devops,senior,ml,52,1637,3.2,52
7/21/2026,engineering,all,any_ai,1026,10886,9.4,988
7/21/2026,engineering,all,genai,704,10886,6.5,671
7/21/2026,engineering,all,ml,460,10886,4.2,441
7/21/2026,engineering,entry,any_ai,6,225,2.7,5
7/21/2026,engineering,entry,genai,5,225,2.2,4
7/21/2026,engineering,entry,ml,1,225,0.4,1
7/21/2026,engineering,mid,any_ai,324,4396,7.4,312
7/21/2026,engineering,mid,genai,200,4396,4.5,193
7/21/2026,engineering,mid,ml,169,4396,3.8,159
7/21/2026,engineering,senior,any_ai,696,6265,11.1,671
7/21/2026,engineering,senior,genai,499,6265,8,474
7/21/2026,engineering,senior,ml,290,6265,4.6,281
7/21/2026,product,all,any_ai,210,1983,10.6,191
7/21/2026,product,all,genai,165,1983,8.3,146
7/21/2026,product,all,ml,74,1983,3.7,72
7/21/2026,product,entry,any_ai,1,32,3.1,1
7/21/2026,product,entry,genai,0,32,0,0
7/21/2026,product,entry,ml,1,32,3.1,1
7/21/2026,product,mid,any_ai,66,907,7.3,59
7/21/2026,product,mid,genai,56,907,6.2,50
7/21/2026,product,mid,ml,16,907,1.8,15
7/21/2026,product,senior,any_ai,143,1044,13.7,131
7/21/2026,product,senior,genai,109,1044,10.4,96
7/21/2026,product,senior,ml,57,1044,5.5,56
7/21/2026,security,all,any_ai,58,1907,3,45
7/21/2026,security,all,genai,44,1907,2.3,32
7/21/2026,security,all,ml,22,1907,1.2,19
7/21/2026,security,entry,any_ai,0,105,0,0
7/21/2026,security,entry,genai,0,105,0,0
7/21/2026,security,entry,ml,0,105,0,0
7/21/2026,security,mid,any_ai,19,1111,1.7,14
7/21/2026,security,mid,genai,15,1111,1.4,10
7/21/2026,security,mid,ml,5,1111,0.5,4
7/21/2026,security,senior,any_ai,39,691,5.6,31
7/21/2026,security,senior,genai,29,691,4.2,22
7/21/2026,security,senior,ml,17,691,2.5,15
7/22/2026,ai,all,any_ai,1444,3356,43,1438
7/22/2026,ai,all,genai,640,3356,19.1,630
7/22/2026,ai,all,ml,1153,3356,34.4,1146
7/22/2026,ai,entry,any_ai,49,140,35,49
7/22/2026,ai,entry,genai,6,140,4.3,6
7/22/2026,ai,entry,ml,46,140,32.9,46
7/22/2026,ai,mid,any_ai,660,1642,40.2,655
7/22/2026,ai,mid,genai,349,1642,21.3,342
7/22/2026,ai,mid,ml,476,1642,29,473
7/22/2026,ai,senior,any_ai,735,1574,46.7,734
7/22/2026,ai,senior,genai,285,1574,18.1,282
7/22/2026,ai,senior,ml,631,1574,40.1,627
7/22/2026,data,all,any_ai,643,7447,8.6,630
7/22/2026,data,all,genai,185,7447,2.5,181
7/22/2026,data,all,ml,556,7447,7.5,547
7/22/2026,data,entry,any_ai,28,378,7.4,28
7/22/2026,data,entry,genai,0,378,0,0
7/22/2026,data,entry,ml,28,378,7.4,28
7/22/2026,data,mid,any_ai,311,4298,7.2,304
7/22/2026,data,mid,genai,92,4298,2.1,90
7/22/2026,data,mid,ml,268,4298,6.2,263
7/22/2026,data,senior,any_ai,304,2771,11,298
7/22/2026,data,senior,genai,93,2771,3.4,91
7/22/2026,data,senior,ml,260,2771,9.4,256
7/22/2026,devops,all,any_ai,148,4199,3.5,141
7/22/2026,devops,all,genai,64,4199,1.5,58
7/22/2026,devops,all,ml,96,4199,2.3,94
7/22/2026,devops,entry,any_ai,0,66,0,0
7/22/2026,devops,entry,genai,0,66,0,0
7/22/2026,devops,entry,ml,0,66,0,0
7/22/2026,devops,mid,any_ai,74,2413,3.1,67
7/22/2026,devops,mid,genai,37,2413,1.5,31
7/22/2026,devops,mid,ml,44,2413,1.8,42
7/22/2026,devops,senior,any_ai,74,1720,4.3,74
7/22/2026,devops,senior,genai,27,1720,1.6,27
7/22/2026,devops,senior,ml,52,1720,3,52
7/22/2026,engineering,all,any_ai,1053,11337,9.3,1013
7/22/2026,engineering,all,genai,719,11337,6.3,685
7/22/2026,engineering,all,ml,474,11337,4.2,454
7/22/2026,engineering,entry,any_ai,7,237,3,6
7/22/2026,engineering,entry,genai,5,237,2.1,4
7/22/2026,engineering,entry,ml,2,237,0.8,2
7/22/2026,engineering,mid,any_ai,333,4589,7.3,321
7/22/2026,engineering,mid,genai,203,4589,4.4,196
7/22/2026,engineering,mid,ml,174,4589,3.8,164
7/22/2026,engineering,senior,any_ai,713,6511,11,686
7/22/2026,engineering,senior,genai,511,6511,7.8,485
7/22/2026,engineering,senior,ml,298,6511,4.6,288
7/22/2026,product,all,any_ai,218,2072,10.5,198
7/22/2026,product,all,genai,170,2072,8.2,151
7/22/2026,product,all,ml,77,2072,3.7,74
7/22/2026,product,entry,any_ai,1,36,2.8,1
7/22/2026,product,entry,genai,0,36,0,0
7/22/2026,product,entry,ml,1,36,2.8,1
7/22/2026,product,mid,any_ai,71,948,7.5,64
7/22/2026,product,mid,genai,60,948,6.3,54
7/22/2026,product,mid,ml,17,948,1.8,16
7/22/2026,product,senior,any_ai,146,1088,13.4,133
7/22/2026,product,senior,genai,110,1088,10.1,97
7/22/2026,product,senior,ml,59,1088,5.4,57
7/22/2026,security,all,any_ai,60,1971,3,47
7/22/2026,security,all,genai,44,1971,2.2,32
7/22/2026,security,all,ml,24,1971,1.2,21
7/22/2026,security,entry,any_ai,0,107,0,0
7/22/2026,security,entry,genai,0,107,0,0
7/22/2026,security,entry,ml,0,107,0,0
7/22/2026,security,mid,any_ai,20,1148,1.7,15
7/22/2026,security,mid,genai,15,1148,1.3,10
7/22/2026,security,mid,ml,6,1148,0.5,5
7/22/2026,security,senior,any_ai,40,716,5.6,32
7/22/2026,security,senior,genai,29,716,4.1,22
7/22/2026,security,senior,ml,18,716,2.5,16
8/1/2026,ai,all,any_ai,1576,3589,43.9,1570
8/1/2026,ai,all,genai,699,3589,19.5,689
8/1/2026,ai,all,ml,1250,3589,34.8,1243
8/1/2026,ai,entry,any_ai,51,145,35.2,51
8/1/2026,ai,entry,genai,7,145,4.8,7
8/1/2026,ai,entry,ml,47,145,32.4,47
8/1/2026,ai,mid,any_ai,719,1749,41.1,714
8/1/2026,ai,mid,genai,374,1749,21.4,367
8/1/2026,ai,mid,ml,519,1749,29.7,516
8/1/2026,ai,senior,any_ai,806,1695,47.6,805
8/1/2026,ai,senior,genai,318,1695,18.8,315
8/1/2026,ai,senior,ml,684,1695,40.4,680
8/1/2026,data,all,any_ai,695,7962,8.7,679
8/1/2026,data,all,genai,207,7962,2.6,201
8/1/2026,data,all,ml,598,7962,7.5,587
8/1/2026,data,entry,any_ai,30,398,7.5,30
8/1/2026,data,entry,genai,1,398,0.3,1
8/1/2026,data,entry,ml,30,398,7.5,30
8/1/2026,data,mid,any_ai,332,4603,7.2,325
8/1/2026,data,mid,genai,101,4603,2.2,99
8/1/2026,data,mid,ml,286,4603,6.2,281
8/1/2026,data,senior,any_ai,333,2961,11.2,324
8/1/2026,data,senior,genai,105,2961,3.5,101
8/1/2026,data,senior,ml,282,2961,9.5,276
8/1/2026,devops,all,any_ai,166,4496,3.7,156
8/1/2026,devops,all,genai,74,4496,1.6,65
8/1/2026,devops,all,ml,104,4496,2.3,102
8/1/2026,devops,entry,any_ai,0,70,0,0
8/1/2026,devops,entry,genai,0,70,0,0
8/1/2026,devops,entry,ml,0,70,0,0
8/1/2026,devops,mid,any_ai,85,2583,3.3,76
8/1/2026,devops,mid,genai,44,2583,1.7,36
8/1/2026,devops,mid,ml,48,2583,1.9,46
8/1/2026,devops,senior,any_ai,81,1843,4.4,80
8/1/2026,devops,senior,genai,30,1843,1.6,29
8/1/2026,devops,senior,ml,56,1843,3,56
8/1/2026,engineering,all,any_ai,1128,12166,9.3,1080
8/1/2026,engineering,all,genai,772,12166,6.3,731
8/1/2026,engineering,all,ml,505,12166,4.2,481
8/1/2026,engineering,entry,any_ai,8,249,3.2,7
8/1/2026,engineering,entry,genai,5,249,2,4
8/1/2026,engineering,entry,ml,3,249,1.2,3
8/1/2026,engineering,mid,any_ai,355,4932,7.2,343
8/1/2026,engineering,mid,genai,218,4932,4.4,211
8/1/2026,engineering,mid,ml,183,4932,3.7,173
8/1/2026,engineering,senior,any_ai,765,6985,11,730
8/1/2026,engineering,senior,genai,549,6985,7.9,516
8/1/2026,engineering,senior,ml,319,6985,4.6,305
8/1/2026,product,all,any_ai,229,2198,10.4,209
8/1/2026,product,all,genai,179,2198,8.1,158
8/1/2026,product,all,ml,82,2198,3.7,79
8/1/2026,product,entry,any_ai,1,36,2.8,1
8/1/2026,product,entry,genai,0,36,0,0
8/1/2026,product,entry,ml,1,36,2.8,1
8/1/2026,product,mid,any_ai,73,992,7.4,66
8/1/2026,product,mid,genai,60,992,6,54
8/1/2026,product,mid,ml,19,992,1.9,18
8/1/2026,product,senior,any_ai,155,1170,13.2,142
8/1/2026,product,senior,genai,119,1170,10.2,104
8/1/2026,product,senior,ml,62,1170,5.3,60
8/1/2026,security,all,any_ai,66,2077,3.2,51
8/1/2026,security,all,genai,48,2077,2.3,36
8/1/2026,security,all,ml,26,2077,1.3,21
8/1/2026,security,entry,any_ai,0,109,0,0
8/1/2026,security,entry,genai,0,109,0,0
8/1/2026,security,entry,ml,0,109,0,0
8/1/2026,security,mid,any_ai,25,1206,2.1,18
8/1/2026,security,mid,genai,18,1206,1.5,13
8/1/2026,security,mid,ml,8,1206,0.7,5
8/1/2026,security,senior,any_ai,41,762,5.4,33
8/1/2026,security,senior,genai,30,762,3.9,23
8/1/2026,security,senior,ml,18,762,2.4,16
8/2/2026,ai,all,any_ai,1617,3670,44.1,1611
8/2/2026,ai,all,genai,720,3670,19.6,709
8/2/2026,ai,all,ml,1279,3670,34.9,1272
8/2/2026,ai,entry,any_ai,51,147,34.7,51
8/2/2026,ai,entry,genai,7,147,4.8,7
8/2/2026,ai,entry,ml,47,147,32,47
8/2/2026,ai,mid,any_ai,739,1785,41.4,734
8/2/2026,ai,mid,genai,383,1785,21.5,376
8/2/2026,ai,mid,ml,534,1785,29.9,531
8/2/2026,ai,senior,any_ai,827,1738,47.6,826
8/2/2026,ai,senior,genai,330,1738,19,326
8/2/2026,ai,senior,ml,698,1738,40.2,694
8/2/2026,data,all,any_ai,718,8220,8.7,702
8/2/2026,data,all,genai,215,8220,2.6,209
8/2/2026,data,all,ml,618,8220,7.5,607
8/2/2026,data,entry,any_ai,31,406,7.6,31
8/2/2026,data,entry,genai,2,406,0.5,2
8/2/2026,data,entry,ml,31,406,7.6,31
8/2/2026,data,mid,any_ai,339,4749,7.1,332
8/2/2026,data,mid,genai,102,4749,2.1,100
8/2/2026,data,mid,ml,292,4749,6.1,287
8/2/2026,data,senior,any_ai,348,3065,11.4,339
8/2/2026,data,senior,genai,111,3065,3.6,107
8/2/2026,data,senior,ml,295,3065,9.6,289
8/2/2026,devops,all,any_ai,168,4605,3.6,158
8/2/2026,devops,all,genai,74,4605,1.6,65
8/2/2026,devops,all,ml,106,4605,2.3,104
8/2/2026,devops,entry,any_ai,0,73,0,0
8/2/2026,devops,entry,genai,0,73,0,0
8/2/2026,devops,entry,ml,0,73,0,0
8/2/2026,devops,mid,any_ai,85,2635,3.2,76
8/2/2026,devops,mid,genai,44,2635,1.7,36
8/2/2026,devops,mid,ml,48,2635,1.8,46
8/2/2026,devops,senior,any_ai,83,1897,4.4,82
8/2/2026,devops,senior,genai,30,1897,1.6,29
8/2/2026,devops,senior,ml,58,1897,3.1,58
8/2/2026,engineering,all,any_ai,1151,12516,9.2,1103
8/2/2026,engineering,all,genai,787,12516,6.3,745
8/2/2026,engineering,all,ml,514,12516,4.1,490
8/2/2026,engineering,entry,any_ai,8,257,3.1,7
8/2/2026,engineering,entry,genai,5,257,1.9,4
8/2/2026,engineering,entry,ml,3,257,1.2,3
8/2/2026,engineering,mid,any_ai,361,5039,7.2,349
8/2/2026,engineering,mid,genai,220,5039,4.4,213
8/2/2026,engineering,mid,ml,187,5039,3.7,177
8/2/2026,engineering,senior,any_ai,782,7220,10.8,747
8/2/2026,engineering,senior,genai,562,7220,7.8,528
8/2/2026,engineering,senior,ml,324,7220,4.5,310
8/2/2026,product,all,any_ai,229,2284,10,209
8/2/2026,product,all,genai,179,2284,7.8,158
8/2/2026,product,all,ml,82,2284,3.6,79
8/2/2026,product,entry,any_ai,1,38,2.6,1
8/2/2026,product,entry,genai,0,38,0,0
8/2/2026,product,entry,ml,1,38,2.6,1
8/2/2026,product,mid,any_ai,73,1037,7,66
8/2/2026,product,mid,genai,60,1037,5.8,54
8/2/2026,product,mid,ml,19,1037,1.8,18
8/2/2026,product,senior,any_ai,155,1209,12.8,142
8/2/2026,product,senior,genai,119,1209,9.8,104
8/2/2026,product,senior,ml,62,1209,5.1,60
8/2/2026,security,all,any_ai,71,2177,3.3,56
8/2/2026,security,all,genai,52,2177,2.4,40
8/2/2026,security,all,ml,27,2177,1.2,22
8/2/2026,security,entry,any_ai,0,110,0,0
8/2/2026,security,entry,genai,0,110,0,0
8/2/2026,security,entry,ml,0,110,0,0
8/2/2026,security,mid,any_ai,29,1272,2.3,22
8/2/2026,security,mid,genai,21,1272,1.7,16
8/2/2026,security,mid,ml,9,1272,0.7,6
8/2/2026,security,senior,any_ai,42,795,5.3,34
8/2/2026,security,senior,genai,31,795,3.9,24
8/2/2026,security,senior,ml,18,795,2.3,16
8/3/2026,ai,all,any_ai,1681,3751,44.8,1675
8/3/2026,ai,all,genai,738,3751,19.7,727
8/3/2026,ai,all,ml,1339,3751,35.7,1332
8/3/2026,ai,entry,any_ai,51,148,34.5,51
8/3/2026,ai,entry,genai,7,148,4.7,7
8/3/2026,ai,entry,ml,47,148,31.8,47
8/3/2026,ai,mid,any_ai,757,1813,41.8,752
8/3/2026,ai,mid,genai,396,1813,21.8,389
8/3/2026,ai,mid,ml,549,1813,30.3,546
8/3/2026,ai,senior,any_ai,873,1790,48.8,872
8/3/2026,ai,senior,genai,335,1790,18.7,331
8/3/2026,ai,senior,ml,743,1790,41.5,739
8/3/2026,data,all,any_ai,736,8476,8.7,718
8/3/2026,data,all,genai,221,8476,2.6,213
8/3/2026,data,all,ml,633,8476,7.5,622
8/3/2026,data,entry,any_ai,31,411,7.5,31
8/3/2026,data,entry,genai,2,411,0.5,2
8/3/2026,data,entry,ml,31,411,7.5,31
8/3/2026,data,mid,any_ai,342,4920,7,334
8/3/2026,data,mid,genai,103,4920,2.1,100
8/3/2026,data,mid,ml,294,4920,6,289
8/3/2026,data,senior,any_ai,363,3145,11.5,353
8/3/2026,data,senior,genai,116,3145,3.7,111
8/3/2026,data,senior,ml,308,3145,9.8,302
8/3/2026,devops,all,any_ai,177,4804,3.7,167
8/3/2026,devops,all,genai,77,4804,1.6,68
8/3/2026,devops,all,ml,113,4804,2.4,111
8/3/2026,devops,entry,any_ai,0,78,0,0
8/3/2026,devops,entry,genai,0,78,0,0
8/3/2026,devops,entry,ml,0,78,0,0
8/3/2026,devops,mid,any_ai,89,2742,3.2,80
8/3/2026,devops,mid,genai,46,2742,1.7,38
8/3/2026,devops,mid,ml,50,2742,1.8,48
8/3/2026,devops,senior,any_ai,88,1984,4.4,87
8/3/2026,devops,senior,genai,31,1984,1.6,30
8/3/2026,devops,senior,ml,63,1984,3.2,63
8/3/2026,engineering,all,any_ai,1201,12952,9.3,1153
8/3/2026,engineering,all,genai,814,12952,6.3,772
8/3/2026,engineering,all,ml,548,12952,4.2,524
8/3/2026,engineering,entry,any_ai,8,260,3.1,7
8/3/2026,engineering,entry,genai,5,260,1.9,4
8/3/2026,engineering,entry,ml,3,260,1.2,3
8/3/2026,engineering,mid,any_ai,388,5234,7.4,376
8/3/2026,engineering,mid,genai,232,5234,4.4,225
8/3/2026,engineering,mid,ml,208,5234,4,198
8/3/2026,engineering,senior,any_ai,805,7458,10.8,770
8/3/2026,engineering,senior,genai,577,7458,7.7,543
8/3/2026,engineering,senior,ml,337,7458,4.5,323
8/3/2026,product,all,any_ai,238,2393,9.9,217
8/3/2026,product,all,genai,187,2393,7.8,165
8/3/2026,product,all,ml,84,2393,3.5,80
8/3/2026,product,entry,any_ai,1,39,2.6,1
8/3/2026,product,entry,genai,0,39,0,0
8/3/2026,product,entry,ml,1,39,2.6,1
8/3/2026,product,mid,any_ai,78,1087,7.2,70
8/3/2026,product,mid,genai,64,1087,5.9,58
8/3/2026,product,mid,ml,20,1087,1.8,18
8/3/2026,product,senior,any_ai,159,1267,12.5,146
8/3/2026,product,senior,genai,123,1267,9.7,107
8/3/2026,product,senior,ml,63,1267,5,61
8/3/2026,security,all,any_ai,73,2206,3.3,58
8/3/2026,security,all,genai,54,2206,2.4,42
8/3/2026,security,all,ml,27,2206,1.2,22
8/3/2026,security,entry,any_ai,0,112,0,0
8/3/2026,security,entry,genai,0,112,0,0
8/3/2026,security,entry,ml,0,112,0,0
8/3/2026,security,mid,any_ai,29,1288,2.3,22
8/3/2026,security,mid,genai,21,1288,1.6,16
8/3/2026,security,mid,ml,9,1288,0.7,6
8/3/2026,security,senior,any_ai,44,806,5.5,36
8/3/2026,security,senior,genai,33,806,4.1,26
8/3/2026,security,senior,ml,18,806,2.2,16
8/4/2026,ai,all,any_ai,1744,3853,45.3,1738
8/4/2026,ai,all,genai,768,3853,19.9,757
8/4/2026,ai,all,ml,1385,3853,35.9,1378
8/4/2026,ai,entry,any_ai,52,152,34.2,52
8/4/2026,ai,entry,genai,7,152,4.6,7
8/4/2026,ai,entry,ml,48,152,31.6,48
8/4/2026,ai,mid,any_ai,791,1870,42.3,786
8/4/2026,ai,mid,genai,416,1870,22.2,409
8/4/2026,ai,mid,ml,572,1870,30.6,569
8/4/2026,ai,senior,any_ai,901,1831,49.2,900
8/4/2026,ai,senior,genai,345,1831,18.8,341
8/4/2026,ai,senior,ml,765,1831,41.8,761
8/4/2026,data,all,any_ai,757,8719,8.7,739
8/4/2026,data,all,genai,229,8719,2.6,221
8/4/2026,data,all,ml,650,8719,7.5,639
8/4/2026,data,entry,any_ai,31,415,7.5,31
8/4/2026,data,entry,genai,2,415,0.5,2
8/4/2026,data,entry,ml,31,415,7.5,31
8/4/2026,data,mid,any_ai,350,5086,6.9,342
8/4/2026,data,mid,genai,103,5086,2,100
8/4/2026,data,mid,ml,302,5086,5.9,297
8/4/2026,data,senior,any_ai,376,3218,11.7,366
8/4/2026,data,senior,genai,124,3218,3.9,119
8/4/2026,data,senior,ml,317,3218,9.9,311
8/4/2026,devops,all,any_ai,182,4966,3.7,171
8/4/2026,devops,all,genai,79,4966,1.6,69
8/4/2026,devops,all,ml,116,4966,2.3,114
8/4/2026,devops,entry,any_ai,0,81,0,0
8/4/2026,devops,entry,genai,0,81,0,0
8/4/2026,devops,entry,ml,0,81,0,0
8/4/2026,devops,mid,any_ai,89,2795,3.2,80
8/4/2026,devops,mid,genai,46,2795,1.6,38
8/4/2026,devops,mid,ml,50,2795,1.8,48
8/4/2026,devops,senior,any_ai,93,2090,4.4,91
8/4/2026,devops,senior,genai,33,2090,1.6,31
8/4/2026,devops,senior,ml,66,2090,3.2,66
8/4/2026,engineering,all,any_ai,1235,13311,9.3,1183
8/4/2026,engineering,all,genai,845,13311,6.3,799
8/4/2026,engineering,all,ml,554,13311,4.2,530
8/4/2026,engineering,entry,any_ai,8,272,2.9,7
8/4/2026,engineering,entry,genai,5,272,1.8,4
8/4/2026,engineering,entry,ml,3,272,1.1,3
8/4/2026,engineering,mid,any_ai,405,5441,7.4,393
8/4/2026,engineering,mid,genai,247,5441,4.5,240
8/4/2026,engineering,mid,ml,212,5441,3.9,202
8/4/2026,engineering,senior,any_ai,822,7598,10.8,783
8/4/2026,engineering,senior,genai,593,7598,7.8,555
8/4/2026,engineering,senior,ml,339,7598,4.5,325
8/4/2026,product,all,any_ai,245,2489,9.8,224
8/4/2026,product,all,genai,193,2489,7.8,171
8/4/2026,product,all,ml,87,2489,3.5,83
8/4/2026,product,entry,any_ai,2,43,4.7,2
8/4/2026,product,entry,genai,0,43,0,0
8/4/2026,product,entry,ml,2,43,4.7,2
8/4/2026,product,mid,any_ai,79,1140,6.9,71
8/4/2026,product,mid,genai,65,1140,5.7,59
8/4/2026,product,mid,ml,20,1140,1.8,18
8/4/2026,product,senior,any_ai,164,1306,12.6,151
8/4/2026,product,senior,genai,128,1306,9.8,112
8/4/2026,product,senior,ml,65,1306,5,63
8/4/2026,security,all,any_ai,76,2284,3.3,60
8/4/2026,security,all,genai,56,2284,2.5,44
8/4/2026,security,all,ml,28,2284,1.2,22
8/4/2026,security,entry,any_ai,0,119,0,0
8/4/2026,security,entry,genai,0,119,0,0
8/4/2026,security,entry,ml,0,119,0,0
8/4/2026,security,mid,any_ai,32,1341,2.4,24
8/4/2026,security,mid,genai,23,1341,1.7,18
8/4/2026,security,mid,ml,10,1341,0.7,6
8/4/2026,security,senior,any_ai,44,824,5.3,36
8/4/2026,security,senior,genai,33,824,4,26
8/4/2026,security,senior,ml,18,824,2.2,16
8/5/2026,ai,all,any_ai,1785,3945,45.2,1779
8/5/2026,ai,all,genai,790,3945,20,778
8/5/2026,ai,all,ml,1409,3945,35.7,1401
8/5/2026,ai,entry,any_ai,55,172,32,55
8/5/2026,ai,entry,genai,7,172,4.1,7
8/5/2026,ai,entry,ml,51,172,29.7,51
8/5/2026,ai,mid,any_ai,825,1922,42.9,820
8/5/2026,ai,mid,genai,435,1922,22.6,428
8/5/2026,ai,mid,ml,592,1922,30.8,589
8/5/2026,ai,senior,any_ai,905,1851,48.9,904
8/5/2026,ai,senior,genai,348,1851,18.8,343
8/5/2026,ai,senior,ml,766,1851,41.4,761
8/5/2026,data,all,any_ai,779,9040,8.6,760
8/5/2026,data,all,genai,237,9040,2.6,228
8/5/2026,data,all,ml,669,9040,7.4,658
8/5/2026,data,entry,any_ai,35,474,7.4,35
8/5/2026,data,entry,genai,2,474,0.4,2
8/5/2026,data,entry,ml,35,474,7.4,35
8/5/2026,data,mid,any_ai,363,5272,6.9,354
8/5/2026,data,mid,genai,105,5272,2,101
8/5/2026,data,mid,ml,315,5272,6,310
8/5/2026,data,senior,any_ai,381,3294,11.6,371
8/5/2026,data,senior,genai,130,3294,3.9,125
8/5/2026,data,senior,ml,319,3294,9.7,313
8/5/2026,devops,all,any_ai,184,5130,3.6,173
8/5/2026,devops,all,genai,81,5130,1.6,71
8/5/2026,devops,all,ml,116,5130,2.3,114
8/5/2026,devops,entry,any_ai,0,90,0,0
8/5/2026,devops,entry,genai,0,90,0,0
8/5/2026,devops,entry,ml,0,90,0,0
8/5/2026,devops,mid,any_ai,91,2895,3.1,82
8/5/2026,devops,mid,genai,47,2895,1.6,39
8/5/2026,devops,mid,ml,51,2895,1.8,49
8/5/2026,devops,senior,any_ai,93,2145,4.3,91
8/5/2026,devops,senior,genai,34,2145,1.6,32
8/5/2026,devops,senior,ml,65,2145,3,65
8/5/2026,engineering,all,any_ai,1208,13684,8.8,1149
8/5/2026,engineering,all,genai,867,13684,6.3,817
8/5/2026,engineering,all,ml,488,13684,3.6,462
8/5/2026,engineering,entry,any_ai,10,303,3.3,9
8/5/2026,engineering,entry,genai,5,303,1.7,4
8/5/2026,engineering,entry,ml,5,303,1.7,5
8/5/2026,engineering,mid,any_ai,418,5602,7.5,404
8/5/2026,engineering,mid,genai,256,5602,4.6,247
8/5/2026,engineering,mid,ml,213,5602,3.8,203
8/5/2026,engineering,senior,any_ai,780,7779,10,736
8/5/2026,engineering,senior,genai,606,7779,7.8,566
8/5/2026,engineering,senior,ml,270,7779,3.5,254
8/5/2026,product,all,any_ai,236,2568,9.2,215
8/5/2026,product,all,genai,197,2568,7.7,175
8/5/2026,product,all,ml,70,2568,2.7,65
8/5/2026,product,entry,any_ai,2,43,4.7,2
8/5/2026,product,entry,genai,0,43,0,0
8/5/2026,product,entry,ml,2,43,4.7,2
8/5/2026,product,mid,any_ai,80,1182,6.8,72
8/5/2026,product,mid,genai,66,1182,5.6,60
8/5/2026,product,mid,ml,20,1182,1.7,18
8/5/2026,product,senior,any_ai,154,1343,11.5,141
8/5/2026,product,senior,genai,131,1343,9.8,115
8/5/2026,product,senior,ml,48,1343,3.6,45
8/5/2026,security,all,any_ai,78,2350,3.3,62
8/5/2026,security,all,genai,58,2350,2.5,46
8/5/2026,security,all,ml,27,2350,1.1,21
8/5/2026,security,entry,any_ai,0,123,0,0
8/5/2026,security,entry,genai,0,123,0,0
8/5/2026,security,entry,ml,0,123,0,0
8/5/2026,security,mid,any_ai,34,1385,2.5,26
8/5/2026,security,mid,genai,24,1385,1.7,19
8/5/2026,security,mid,ml,11,1385,0.8,7
8/5/2026,security,senior,any_ai,44,842,5.2,36
8/5/2026,security,senior,genai,34,842,4,27
8/5/2026,security,senior,ml,16,842,1.9,14
8/17/2026,ai,all,any_ai,686,1125,61,683
8/17/2026,ai,all,genai,382,1125,34,369
8/17/2026,ai,all,ml,543,1125,48.3,538
8/17/2026,ai,entry,any_ai,7,38,18.4,7
8/17/2026,ai,entry,genai,2,38,5.3,2
8/17/2026,ai,entry,ml,6,38,15.8,6
8/17/2026,ai,mid,any_ai,322,523,61.6,319
8/17/2026,ai,mid,genai,196,523,37.5,188
8/17/2026,ai,mid,ml,241,523,46.1,240
8/17/2026,ai,senior,any_ai,357,564,63.3,357
8/17/2026,ai,senior,genai,184,564,32.6,179
8/17/2026,ai,senior,ml,296,564,52.5,292
8/17/2026,data,all,any_ai,304,2589,11.7,289
8/17/2026,data,all,genai,122,2589,4.7,114
8/17/2026,data,all,ml,242,2589,9.3,232
8/17/2026,data,entry,any_ai,12,125,9.6,11
8/17/2026,data,entry,genai,5,125,4,5
8/17/2026,data,entry,ml,9,125,7.2,8
8/17/2026,data,mid,any_ai,114,1492,7.6,107
8/17/2026,data,mid,genai,38,1492,2.5,35
8/17/2026,data,mid,ml,97,1492,6.5,93
8/17/2026,data,senior,any_ai,178,972,18.3,171
8/17/2026,data,senior,genai,79,972,8.1,74
8/17/2026,data,senior,ml,136,972,14,131
8/17/2026,devops,all,any_ai,85,1485,5.7,73
8/17/2026,devops,all,genai,51,1485,3.4,39
8/17/2026,devops,all,ml,40,1485,2.7,39
8/17/2026,devops,entry,any_ai,0,27,0,0
8/17/2026,devops,entry,genai,0,27,0,0
8/17/2026,devops,entry,ml,0,27,0,0
8/17/2026,devops,mid,any_ai,34,742,4.6,27
8/17/2026,devops,mid,genai,26,742,3.5,18
8/17/2026,devops,mid,ml,11,742,1.5,11
8/17/2026,devops,senior,any_ai,51,716,7.1,46
8/17/2026,devops,senior,genai,25,716,3.5,21
8/17/2026,devops,senior,ml,29,716,4.1,28
8/17/2026,engineering,all,any_ai,581,4597,12.6,532
8/17/2026,engineering,all,genai,437,4597,9.5,395
8/17/2026,engineering,all,ml,235,4597,5.1,210
8/17/2026,engineering,entry,any_ai,7,106,6.6,7
8/17/2026,engineering,entry,genai,4,106,3.8,4
8/17/2026,engineering,entry,ml,5,106,4.7,5
8/17/2026,engineering,mid,any_ai,194,1795,10.8,183
8/17/2026,engineering,mid,genai,143,1795,8,135
8/17/2026,engineering,mid,ml,84,1795,4.7,76
8/17/2026,engineering,senior,any_ai,380,2696,14.1,342
8/17/2026,engineering,senior,genai,290,2696,10.8,256
8/17/2026,engineering,senior,ml,146,2696,5.4,129
8/17/2026,product,all,any_ai,176,1112,15.8,162
8/17/2026,product,all,genai,149,1112,13.4,132
8/17/2026,product,all,ml,46,1112,4.1,43
8/17/2026,product,entry,any_ai,2,12,16.7,2
8/17/2026,product,entry,genai,0,12,0,0
8/17/2026,product,entry,ml,2,12,16.7,2
8/17/2026,product,mid,any_ai,67,449,14.9,59
8/17/2026,product,mid,genai,56,449,12.5,50
8/17/2026,product,mid,ml,15,449,3.3,13
8/17/2026,product,senior,any_ai,107,651,16.4,101
8/17/2026,product,senior,genai,93,651,14.3,82
8/17/2026,product,senior,ml,29,651,4.5,28
8/17/2026,security,all,any_ai,51,624,8.2,42
8/17/2026,security,all,genai,44,624,7.1,38
8/17/2026,security,all,ml,10,624,1.6,5
8/17/2026,security,entry,any_ai,0,25,0,0
8/17/2026,security,entry,genai,0,25,0,0
8/17/2026,security,entry,ml,0,25,0,0
8/17/2026,security,mid,any_ai,28,365,7.7,23
8/17/2026,security,mid,genai,22,365,6,20
8/17/2026,security,mid,ml,7,365,1.9,3
8/17/2026,security,senior,any_ai,23,234,9.8,19
8/17/2026,security,senior,genai,22,234,9.4,18
8/17/2026,security,senior,ml,3,234,1.3,2
